SeniorCitizen,tenure_yeo_trim,MonthlyCharges_yeo_trim,TotalCharges_mode_yeo_trim
0,0.812271281,24.80885367,5.464052909
0,8.707660582,45.35235696,22.75989967
0,1.417775541,43.04612441,9.016246666
0,10.12737771,34.36391433,22.58364165
0,1.417775541,55.47907932,10.16644904
0,3.732277839,76.36450395,17.67424223
0,6.837452733,68.81234802,22.97188438
0,4.291737357,24.73108418,12.84331091
0,7.826575027,80.02965677,26.19458035
0,11.99037249,44.75808625,27.24715714
0,5.033832265,40.1310449,15.92108364
0,5.692092909,16.2059928,13.18288385
0,11.57992601,76.86347299,31.35178089
0,10.59613826,79.24792952,30.29040988
0,7.347857226,80.52680885,25.24919196
0,12.67528347,86.01534447,34.42204744
0,10.93422401,17.56672777,18.91576873
0,12.86393267,81.37851296,33.77442449
0,4.291737357,44.05159604,15.39519274
0,6.659184132,69.49495362,22.66415246
1,0.812271281,32.34926675,6.145531083
0,4.797235578,16.88738032,11.22855628
0,0.812271281,17.16735364,4.605457051
0,11.57992601,47.53859891,27.28595034
0,10.59613826,47.31663035,26.00286952
0,8.130622519,44.12600444,21.37217931
0,10.36446345,76.15058223,29.78484284
0,0.812271281,25.08090168,5.490997378
0,12.95716928,69.63859332,32.38981897
0,5.896996055,51.07946663,19.3029912
1,12.86393267,74.00875946,32.95158022
1,1.417775541,73.40103529,10.82305443
0,7.670188277,52.14531105,22.70585139
0,0.812271281,17.20732196,4.610576329
1,0.812271281,36.59603947,6.4810978
0,12.95716928,76.54273631,33.60424131
0,2.743799084,54.74774844,13.05025945
0,10.24661915,58.46983475,27.38304449
0,8.707660582,81.13017151,27.38516972
0,4.550327176,75.08026689,19.36896266
0,4.291737357,39.83115631,14.88837633
0,12.76997601,54.38179902,30.00447288
0,5.896996055,17.64652093,14.28519316
0,12.09071189,62.1373556,29.98520958
0,5.033832265,59.48832029,18.67727603
0,10.59613826,65.49951826,28.15633668
0,1.417775541,39.60612569,8.667018959
0,1.417775541,62.71678084,9.987388838
0,10.93422401,62.06489796,28.78572835
0,12.67528347,50.67473126,28.85688562
1,9.884510807,69.63859332,28.01391837
0,5.48039866,75.97227831,20.92404106
1,7.347857226,54.60139153,22.25607322
1,3.732277839,62.71678084,16.30251938
1,11.78701308,58.50623284,29.24525901
1,6.095686027,73.36527462,22.2556945
0,12.09071189,76.36450395,32.30531595
1,12.38662351,82.61933639,33.37202099
0,8.707660582,20.97502915,18.15084401
0,12.95716928,81.9459286,34.37089623
0,10.36446345,76.97036199,29.70890662
0,11.78701308,69.38720866,30.98337579
0,12.95716928,34.21218794,25.9816426
0,6.095686027,43.45597765,18.53381974
0,4.019769102,72.61398511,17.91539968
0,1.918881261,58.83373669,11.96602998
0,10.36446345,61.44874133,27.60895213
0,8.278574712,61.66626302,24.71487706
0,10.71005189,17.16735364,18.3763915
0,4.291737357,62.1373556,18.10724003
0,0.812271281,39.45605055,6.691877608
0,10.93422401,17.36712626,19.28978449
1,12.1901866,84.84916971,33.40225684
0,11.99037249,20.42320664,20.91608813
0,1.918881261,50.932319,10.73518485
1,11.36891302,84.0710243,32.05279651
0,10.24661915,44.3863576,25.25690004
0,3.732277839,43.64217575,14.95363627
1,8.130622519,58.43343489,23.52148849
0,10.12737771,21.72219206,19.941845
0,0.812271281,61.77500147,8.047911898
0,4.550327176,40.58055451,15.72925518
0,3.426487989,58.72458452,15.0972439
0,9.760782001,79.31902044,28.99939507
0,10.59613826,17.16735364,18.62985306
0,4.019769102,76.11492406,18.30226221
0,8.846132431,49.20083568,23.85862204
0,10.48095561,17.56672777,19.10611535
0,10.24661915,17.00741087,18.35328497
0,7.980002464,27.8280387,18.83784852
0,8.130622519,63.72977589,24.92487897
1,0.812271281,58.39703326,7.868051586
0,12.38662351,65.13865193,31.40386461
0,12.28881721,84.46016705,33.41291895
0,12.95716928,77.25534271,33.87349287
0,4.797235578,61.4849991,18.3548073
0,12.86393267,52.65925042,29.78403287
0,2.743799084,17.88573952,9.184568999
0,10.93422401,17.84588642,19.37857103
1,7.347857226,75.54421543,24.76505467
0,0.812271281,17.20732196,4.610576329
0,0.812271281,16.6070612,4.532820301
0,9.249207563,73.04336724,27.51047717
1,12.38662351,36.82243923,26.14733552
0,12.57983865,83.71713597,34.06835515
0,2.743799084,20.46265939,8.770157759
0,12.95716928,79.56779949,33.67145118
0,8.423987519,25.04205144,18.3566337
0,9.884510807,72.57819434,28.18669558
0,12.95716928,16.56698702,20.64042943
0,11.26186749,74.29461244,30.63431174
0,10.93422401,46.09435052,26.18504844
0,9.884510807,70.64342766,28.25459273
1,9.116820699,59.70639014,25.73847993
0,12.1901866,43.60494105,27.10008638
0,1.918881261,69.35129078,12.03632709
0,8.982489749,25.74066335,19.48007905
0,4.291737357,76.79220722,19.14824966
0,9.635448939,17.56672777,17.77132385
0,7.670188277,66.00447134,23.65338076
0,11.36891302,76.47144725,31.08806591
0,3.098700364,17.60662772,9.152579301
0,1.918881261,58.17858645,11.72111595
0,3.426487989,40.69287178,13.48675922
0,2.354360082,17.72628719,7.371376343
0,8.566979552,68.70452006,26.148343
1,7.670188277,60.83210368,23.60091226
0,12.95716928,19.87026066,22.14671159
0,0.812271281,16.84735605,4.564174117
1,12.86393267,44.98100883,28.31889142
0,5.033832265,66.54515886,19.93711957
0,7.347857226,46.57615046,21.25426452
0,12.48362455,40.58055451,26.7177295
0,0.812271281,29.1361584,5.870411519
0,1.417775541,35.91619067,8.119170043
0,9.884510807,21.56505775,19.79937423
0,7.011477857,58.61541659,22.35343703
0,12.1901866,17.20732196,20.2403856
0,11.47492333,16.72724072,19.70954708
1,0.812271281,55.29631715,7.696298216
1,12.95716928,68.05727447,32.47080308
0,3.732277839,55.80793357,15.71426914
0,11.88914699,77.36218931,31.80018469
0,12.1901866,65.35519036,30.71790178
1,12.86393267,20.18636932,22.26950747
0,12.28881721,75.93661361,32.45794163
0,1.918881261,16.72724072,7.301158248
0,0.812271281,36.897882,6.503880952
0,8.130622519,50.932319,22.90359075
0,5.48039866,54.60139153,19.18523988
0,3.732277839,53.90577864,15.72044394
0,3.426487989,73.04336724,16.47984477
0,12.76997601,82.40672779,34.46557421
0,11.99037249,66.65325523,30.59468455
0,3.098700364,16.80732471,9.174415363
0,5.261241353,62.89776564,19.61818626
0,6.837452733,65.24692814,22.51473832
0,6.837452733,17.16735364,14.30335262
0,5.692092909,50.74833809,18.92170854
0,4.291737357,21.56505775,12.08805624
0,5.033832265,44.6465928,17.29113489
0,6.47636832,63.98282816,21.62710276
0,1.417775541,54.74774844,9.764432872
0,11.04455392,57.81436658,28.26315339
0,4.550327176,17.52682106,11.79551853
0,12.67528347,16.96740771,20.64134297
0,2.354360082,55.6252554,12.42197482
0,12.95716928,68.77640683,32.22242725
1,11.57992601,36.63378023,25.15274843
0,5.692092909,17.36712626,13.11091996
0,9.884510807,65.3191045,27.36277751
0,1.417775541,79.74546162,11.94459622
0,5.261241353,63.65746089,19.766664
0,11.04455392,72.93604021,30.22805279
0,8.423987519,17.48690757,16.47234894
0,8.707660582,20.77807656,17.40034581
1,5.48039866,58.21499867,19.58134804
1,3.426487989,59.67004947,15.16187159
0,5.48039866,80.42029649,21.49139162
0,11.88914699,17.48690757,20.11599944
0,0.812271281,24.88660466,5.471774516
0,0.812271281,36.63378023,6.483953719
0,3.732277839,65.49951826,16.5360025
0,8.566979552,58.43343489,24.58637307
0,5.033832265,61.70251082,19.40227516
0,0.812271281,20.85687439,5.0472206
0,6.47636832,41.51580621,18.92086027
0,1.918881261,25.23625705,8.152495634
0,5.033832265,16.76728627,11.97753611
0,9.508451863,45.09243807,24.36521855
0,9.884510807,56.35569021,26.50889094
0,3.098700364,70.17703697,15.41968853
0,12.67528347,16.84735605,20.69574638
0,12.95716928,83.50474687,34.70729451
0,11.6839475,16.48681701,19.82211696
0,6.47636832,74.15169669,22.80329949
0,7.181531261,20.30481393,15.92065575
0,11.6839475,84.67236764,32.60522518
0,12.95716928,85.30872052,34.60124434
0,0.812271281,17.64652093,4.666302039
0,7.670188277,77.9674363,25.23568838
0,5.261241353,62.28225118,19.40573163
0,12.86393267,80.56231052,33.80449677
0,5.033832265,61.01351795,18.97777101
0,10.00669167,54.12552072,25.97383119
0,8.566979552,62.20980667,25.24588666
0,12.95716928,44.23759886,28.70955928
0,0.812271281,62.17358196,8.068667477
0,6.288664095,81.30756431,22.91943684
0,12.1901866,78.35887114,32.79465698
0,1.417775541,37.16183847,8.238260611
0,0.812271281,21.21118871,5.086720299
0,11.88914699,16.84735605,19.46874704
0,7.980002464,17.04740702,15.50266326
1,7.011477857,67.15752479,23.06394558
0,11.47492333,46.68728018,27.13209351
0,12.95716928,36.59603947,26.42698089
0,12.38662351,45.09243807,27.90887432
0,12.28881721,65.2830171,30.77663364
0,3.732277839,62.24602975,16.23176239
0,2.354360082,55.0769406,12.35111846
0,12.86393267,20.81747828,22.56957402
0,0.812271281,17.20732196,4.610576329
0,2.354360082,40.20599001,10.77569332
0,4.797235578,16.52690563,11.54245253
0,7.181531261,40.61799626,20.29295186
0,8.278574712,63.07870993,24.85504421
0,0.812271281,44.05159604,7.008988723
0,8.130622519,69.38720866,25.35084136
0,10.36446345,66.07658288,28.56616794
0,11.15375786,82.30040743,31.47638868
0,10.71005189,71.96953997,29.78187266
0,0.812271281,65.57167293,8.241870949
0,12.95716928,17.24728336,21.52294648
0,7.980002464,21.13249097,16.83723403
0,1.417775541,43.45597765,9.191807463
0,4.291737357,24.61439514,12.80312981
0,6.095686027,57.26770189,20.37447955
1,4.550327176,73.04336724,19.44814997
0,5.692092909,16.84735605,12.591231
0,12.95716928,67.01347797,32.36239182
0,12.95716928,83.15067115,34.401278
0,9.635448939,58.39703326,26.54360707
1,12.28881721,72.61398511,32.03294279
1,5.033832265,43.75386515,17.05345325
1,2.354360082,58.87011724,12.42802795
0,9.635448939,51.30012652,24.81497533
1,5.48039866,58.17858645,19.20107862
0,0.812271281,39.0806698,6.664841336
0,9.760782001,75.9009476,28.94321049
0,10.82273494,71.96953997,29.54916475
0,1.417775541,55.25975909,10.05982335
1,0.812271281,32.76817365,6.17996415
0,8.423987519,64.92205744,25.10284396
0,4.291737357,16.92739754,11.05144104
0,12.48362455,47.27962776,28.55944609
0,11.88914699,87.32140626,33.28054135
0,10.71005189,86.79210713,31.52374598
0,1.417775541,36.10513601,8.093061426
1,7.980002464,36.40729073,20.00154578
1,1.918881261,33.49077769,9.687252833
1,5.033832265,81.52039576,20.64522439
1,11.47492333,69.35129078,30.09768272
0,8.278574712,40.056089,21.32807203
0,10.12737771,86.05066372,30.28343079
0,11.88914699,68.09324511,31.10624202
0,10.71005189,20.93564981,19.83497612
1,6.288664095,80.17172477,23.17204944
0,11.6839475,16.52690563,19.33792275
0,12.86393267,20.42320664,22.18115143
1,5.692092909,72.6497745,21.29050753
0,11.47492333,47.42762468,27.16114843
0,0.812271281,20.85687439,5.0472206
1,6.47636832,81.62679521,23.71960481
0,0.812271281,55.40598007,7.702488215
0,2.743799084,66.1486883,14.09321083
0,10.93422401,80.2072387,31.26288214
1,6.659184132,51.26335499,20.53261696
0,5.261241353,43.90275009,17.34298025
0,2.743799084,40.58055451,11.97671505
0,3.098700364,44.0143882,13.13099963
0,4.291737357,41.06709048,15.1103179
0,0.812271281,21.32919413,5.0997745
0,12.57983865,43.49322219,27.69056418
0,6.095686027,73.15068197,22.35886709
0,6.837452733,59.34290587,22.37252126
0,6.47636832,35.91619067,18.35358946
0,0.812271281,54.9672269,7.677669821
1,3.732277839,58.25140912,16.08258575
0,4.291737357,36.29400539,14.47139922
1,7.181531261,59.41561654,22.10347264
0,8.846132431,48.49954138,23.21967196
0,7.011477857,67.15752479,22.94175071
1,3.098700364,68.99203204,15.75079376
0,4.797235578,16.80732471,11.56023824
0,0.812271281,17.24728336,4.615686601
0,12.86393267,59.37926207,30.96021138
1,8.846132431,77.18410523,27.13220806
0,9.508451863,58.28781781,26.11832772
0,0.812271281,57.59574911,7.824302574
0,7.011477857,51.22658141,21.28458349
1,2.354360082,73.36527462,14.0360902
0,2.354360082,69.74630794,13.56546263
0,12.57983865,47.83443232,28.56967773
0,9.249207563,63.58513949,26.43163702
0,10.93422401,20.85687439,20.00376679
1,8.423987519,58.54262918,24.13406933
0,7.980002464,59.015622,23.33203167
1,9.249207563,77.43341397,27.80753186
0,10.48095561,61.33995803,27.67903651
0,0.812271281,16.44672115,4.511726487
0,6.837452733,68.77640683,22.74825538
0,9.884510807,87.28612747,30.044575
1,2.743799084,54.49160386,13.37568205
0,2.743799084,62.680579,14.25536225
0,10.82273494,83.75253006,31.36012321
0,12.86393267,16.96740771,20.6031174
0,9.249207563,62.46333378,26.22612278
1,7.181531261,71.71880104,23.90809485
0,8.846132431,70.53582041,26.66097105
1,11.15375786,64.01897212,29.04291056
0,12.95716928,47.61257059,28.87621346
0,0.812271281,36.25623757,6.455290243
0,4.019769102,39.11822033,14.32967175
0,12.67528347,47.64955309,28.70460798
0,10.93422401,78.53674556,30.46447479
1,4.550327176,64.34419638,18.06116506
1,1.417775541,55.22319915,9.861642763
1,7.826575027,29.48166814,18.6316147
1,5.896996055,64.16353208,21.11464682
0,8.846132431,16.92739754,17.11172488
0,3.732277839,16.40661803,10.40195076
0,10.24661915,72.97181726,29.18204189
0,3.426487989,57.7779348,15.23488429
0,1.417775541,62.680579,10.26272138
0,12.57983865,59.19746374,30.72603733
0,9.884510807,79.88756907,29.80408536
0,12.57983865,68.12921426,32.06608865
0,8.982489749,72.9002618,27.42179124
0,12.09071189,79.03462687,32.722946
1,8.423987519,43.64217575,22.54467348
0,12.86393267,66.40100909,32.17742636
0,12.38662351,53.09946026,29.34354197
0,12.09071189,17.44698728,20.47853141
0,9.635448939,17.24728336,17.96526797
1,0.812271281,56.50168867,7.763861937
0,1.417775541,69.74630794,10.53948122
0,12.76997601,16.6070612,20.36291571
0,7.011477857,36.36953196,18.76663912
1,12.1901866,74.47322696,32.47834129
0,9.116820699,49.68022221,24.05778354
0,5.896996055,36.10513601,16.68115388
1,3.426487989,68.84828775,15.80803835
0,2.354360082,65.71596371,13.7517781
1,6.659184132,34.06040988,17.8038391
0,4.291737357,62.42712053,17.84240857
1,5.692092909,43.23245853,18.11761504
0,12.1901866,80.34928213,33.02934465
1,7.670188277,25.50795462,17.57078699
0,9.760782001,74.5446634,28.38312085
0,2.743799084,17.20732196,8.211082107
0,9.635448939,75.75827047,28.26500903
0,11.57992601,40.39330574,25.76571599
0,10.36446345,17.48690757,18.46572046
0,6.095686027,59.27018827,20.68507573
0,2.743799084,74.1159644,15.05493574
0,7.011477857,47.57558586,20.83346566
0,0.812271281,16.36650763,4.50112121
0,12.86393267,75.65124886,33.21941056
0,12.95716928,85.55609076,34.70410075
0,8.566979552,17.52682106,16.74863282
0,1.417775541,66.32892507,10.81997927
0,7.181531261,29.36653276,17.742631
0,11.36891302,76.43580078,31.23675884
0,9.116820699,73.83005761,27.60117316
0,9.884510807,65.93235365,27.63498702
0,0.812271281,21.28986447,5.095429266
0,7.347857226,80.13620962,24.91434285
0,11.88914699,69.20760473,30.75049312
0,5.896996055,67.12151534,20.852416
0,9.635448939,66.72531188,26.90421605
0,0.812271281,40.65543535,6.777060627
1,12.95716928,51.15302812,29.7545649
0,0.812271281,70.06937408,8.46152056
0,10.48095561,82.37128886,30.34394905
1,4.550327176,17.00741087,11.45985335
1,11.26186749,66.18473871,30.00862176
0,9.760782001,43.7166378,24.27236188
0,10.00669167,69.74630794,28.47704725
0,0.812271281,35.6515387,6.408938905
0,7.670188277,73.47255257,24.99591519
1,7.670188277,65.71596371,24.15319984
1,1.417775541,35.87839245,8.408113781
0,6.288664095,16.96740771,13.69922131
1,9.760782001,73.07914019,28.23476404
0,12.38662351,69.49495362,31.79214138
1,8.566979552,83.64634429,27.70566192
0,8.707660582,57.85079657,24.79379746
1,8.566979552,43.60494105,22.44734148
0,7.011477857,17.08739619,14.25037641
0,8.423987519,16.84735605,16.22808261
0,4.550327176,17.08739619,11.85967675
0,12.67528347,76.22189468,33.27980091
0,12.57983865,44.57225188,28.03510039
0,6.47636832,16.80732471,14.29785537
0,12.95716928,16.88738032,21.10903155
0,11.78701308,73.32951258,31.5561432
1,8.423987519,72.29181855,25.72089456
0,0.812271281,16.96740771,4.57972427
0,0.812271281,16.72724072,4.548539818
1,1.918881261,63.22343627,11.79212038
0,10.24661915,20.58098339,19.15648479
0,7.980002464,58.57902376,23.6450901
0,10.82273494,67.55352963,29.27664092
1,10.48095561,55.44253063,27.37577073
0,5.692092909,57.34061386,19.83749512
0,12.76997601,75.68692404,33.07800313
0,9.508451863,20.85687439,18.92566589
0,6.837452733,64.63317719,22.6024251
1,0.812271281,58.83373669,7.891714965
0,2.743799084,20.46265939,9.688549749
0,3.426487989,54.85749619,15.27462413
0,7.980002464,77.00598907,25.63912707
0,10.00669167,21.56505775,19.39615617
0,4.291737357,33.14864215,14.61835043
1,11.26186749,41.40366251,25.66055637
1,10.93422401,80.2427514,30.86209489
0,4.291737357,66.54515886,17.92411052
0,6.095686027,59.05199383,20.78444303
0,12.57983865,46.31676789,28.29907627
0,11.88914699,16.56698702,19.77072831
0,12.95716928,51.44719222,29.84820303
0,1.417775541,42.7478601,9.345368077
0,4.797235578,36.70925277,15.30708748
0,9.635448939,16.84735605,18.18299217
0,7.510676277,35.99177795,19.77707468
0,8.982489749,17.72628719,16.97121124
0,12.95716928,86.58031687,35.10948107
0,8.846132431,69.35129078,26.47930252
0,0.812271281,43.93996523,7.001570481
0,5.692092909,85.8034051,22.73498057
1,10.59613826,77.71826154,30.34900663
0,11.15375786,87.00385698,31.91832189
0,6.095686027,51.15302812,19.689819
0,8.982489749,62.53575538,25.91911121
0,11.78701308,80.81078805,32.42879221
0,0.812271281,54.63798361,7.658953077
0,10.93422401,21.05377114,20.2043511
0,3.732277839,72.86448201,17.25589206
0,12.95716928,80.52680885,34.06797544
0,12.1901866,20.77807656,21.82975798
1,6.837452733,54.78433292,21.43396784
0,11.78701308,47.76048728,27.45906477
0,7.826575027,63.00633707,23.89559255
0,11.88914699,20.54154776,20.88641951
0,7.181531261,79.56779949,24.70745902
0,7.826575027,71.53965995,25.47329662
0,8.130622519,62.82537659,24.33562623
0,1.417775541,17.04740702,6.040100457
0,0.812271281,58.68819696,7.883842656
0,3.098700364,16.76728627,8.792393966
0,7.181531261,54.56479754,21.71493535
0,2.354360082,77.43341397,13.91787834
0,3.426487989,76.47144725,16.61843194
1,12.95716928,87.99149208,35.03528464
0,12.76997601,32.65396722,25.55748957
1,12.1901866,78.10979396,32.63176546
0,12.95716928,69.24352842,32.70315641
0,10.00669167,16.96740771,17.98512202
0,5.033832265,44.60942354,17.07558732
1,5.896996055,17.56672777,13.23299632
0,0.812271281,43.90275009,6.999094441
0,4.019769102,55.00380002,15.72088477
0,7.181531261,42.85972799,20.41869737
0,0.812271281,58.39703326,7.868051586
0,7.181531261,62.42712053,22.65908495
1,8.846132431,59.37926207,25.41618452
0,3.426487989,59.12473226,15.62900398
0,2.743799084,73.83005761,14.66104821
0,5.48039866,54.23536578,18.75480306
0,4.550327176,16.76728627,11.65525806
0,10.48095561,36.63378023,23.63190749
1,6.47636832,63.29578977,21.94368209
0,12.95716928,82.654767,34.55518171
0,3.732277839,64.8137391,16.67080315
0,12.95716928,65.49951826,32.03993617
0,5.48039866,76.72093628,20.87354544
0,12.95716928,68.45287015,32.14524469
0,0,42.07617562,4.610576329
0,0.812271281,58.14217245,7.854183221
0,12.09071189,80.02965677,32.71485086
0,1.417775541,46.87245093,9.193253747
0,1.417775541,58.17858645,9.870380672
1,11.88914699,50.60111614,28.14779601
0,0.812271281,17.36712626,4.630963753
0,6.837452733,35.46240918,18.20879823
0,7.826575027,48.2779173,22.3801809
0,12.76997601,16.88738032,20.79610902
1,2.743799084,23.71836834,9.65732296
0,4.797235578,76.40015301,20.0497779
0,8.707660582,88.13251185,28.14039562
1,12.86393267,62.75298105,31.34374789
0,12.76997601,51.44719222,29.40791006
0,10.93422401,65.17474556,28.99804454
0,12.67528347,61.8474855,31.06728219
1,6.47636832,72.39921982,22.36803452
0,4.550327176,60.79581577,17.88012931
0,1.417775541,72.47081376,10.52426834
0,3.098700364,62.60817045,15.1546691
0,0.812271281,16.92739754,4.57455017
1,6.47636832,72.54240219,22.50129938
0,11.88914699,81.20113226,32.28922013
1,2.743799084,58.14217245,13.28788748
0,11.36891302,80.49130595,31.71752488
0,8.130622519,73.04336724,25.69709233
0,9.508451863,80.02965677,28.61560315
0,7.826575027,43.38148117,21.43771099
1,2.743799084,55.00380002,12.85313675
1,7.670188277,58.76097033,22.90147586
0,4.797235578,17.08739619,12.30646487
0,12.48362455,80.45580184,33.25534219
1,7.980002464,41.36627607,20.99265472
0,11.26186749,66.22078759,29.72031567
0,7.011477857,59.05199383,22.2785783
0,8.707660582,76.64966017,27.22912598
0,10.93422401,70.35644652,29.7652975
1,12.95716928,87.77992929,35.0285242
0,11.57992601,72.82870086,30.95028153
0,8.846132431,16.72724072,16.723547
1,11.36891302,76.54273631,31.39139455
0,7.181531261,17.92558598,15.03636893
0,12.76997601,17.08739619,20.62671434
0,1.417775541,62.20980667,10.67326986
1,12.57983865,81.69772215,33.77125147
0,0.812271281,65.86022983,8.256280891
0,4.797235578,69.13575299,18.90897481
0,12.09071189,63.36813684,30.27791348
0,8.566979552,46.46500022,22.99284919
0,12.67528347,73.50830917,32.92010333
0,11.78701308,62.680579,30.13501899
0,12.95716928,85.90937989,34.8501568
0,4.550327176,46.83542132,16.04109854
0,0.812271281,16.68718803,4.543309501
0,4.291737357,66.61722462,17.76440821
0,5.033832265,36.82243923,16.00231607
0,8.707660582,61.4849991,25.14161846
0,9.379727268,66.79736248,26.73178161
0,12.28881721,80.2072387,32.9201726
1,10.71005189,77.9674363,30.67872264
0,5.48039866,16.84735605,12.97798715
0,12.95716928,83.92948296,34.51011842
0,12.95716928,87.67413294,34.81661821
0,11.26186749,16.52690563,19.62051537
0,7.011477857,21.48645825,15.26801762
0,8.423987519,62.4995454,24.99845785
0,11.36891302,54.05228107,27.9488496
0,0.812271281,16.96740771,4.57972427
0,9.249207563,55.40598007,25.31000529
0,4.550327176,55.11350806,17.25942412
0,0.812271281,39.64363762,6.705320193
0,11.36891302,81.76864429,31.89395812
0,1.918881261,19.90979479,8.399435817
0,3.426487989,54.74774844,15.28122396
0,11.6839475,76.25754895,31.63291261
0,3.426487989,50.7851384,14.58324724
0,12.86393267,55.58871418,30.18154231
0,5.48039866,77.9674363,21.92659902
0,12.86393267,57.52286231,30.83145599
0,8.846132431,76.79220722,27.33663095
0,4.550327176,32.92040147,14.33295381
0,11.78701308,16.44672115,19.35747069
1,10.36446345,47.31663035,25.43458248
0,4.550327176,51.22658141,16.80155064
0,11.36891302,76.82784075,31.24637314
1,7.826575027,84.31867684,26.58412357
0,11.88914699,63.00633707,29.7821427
0,8.278574712,75.22304406,26.28456949
0,4.019769102,55.33287333,16.00992143
1,8.846132431,72.72134916,26.96572425
0,1.417775541,16.76728627,6.091625757
0,4.797235578,16.24613253,11.78957035
0,0.812271281,58.83373669,7.891714965
1,2.354360082,68.88422601,13.43433751
0,0.812271281,16.24613253,4.485139379
0,1.918881261,17.04740702,7.3171269
1,0.812271281,66.36496784,8.281378347
0,10.93422401,50.01189516,26.9121729
0,2.743799084,17.12737839,8.259875557
0,12.95716928,76.0079417,33.82592463
0,12.86393267,69.74630794,32.81416221
0,12.95716928,85.0612942,34.63691196
0,10.24661915,20.93564981,19.73126871
0,12.09071189,64.77762985,30.95785176
0,8.130622519,65.35519036,24.54295986
0,0.812271281,36.8601621,6.501041053
0,4.797235578,48.83183063,16.92473652
0,5.692092909,43.79109005,18.2863043
0,2.354360082,51.70447884,11.85127864
0,10.82273494,69.71040451,29.53997387
0,12.28881721,17.36712626,20.87110158
0,5.692092909,58.28781781,19.70929118
0,1.417775541,17.00741087,6.618408534
0,12.38662351,58.06933914,29.98131766
0,10.24661915,82.7610517,30.05881954
0,8.423987519,83.3985365,27.51578158
0,12.95716928,67.04949193,31.98537094
0,9.249207563,62.97014821,26.291526
0,10.82273494,38.55466909,24.29759627
0,12.95716928,86.93327818,34.91857995
1,12.28881721,80.34928213,32.97842865
0,4.019769102,24.88660466,12.04525316
0,4.019769102,51.30012652,16.53913082
0,12.38662351,17.48690757,20.61228919
1,10.00669167,83.57554792,29.98326378
0,10.71005189,54.60139153,27.08790045
0,5.48039866,39.30593141,16.28712883
0,3.732277839,21.21118871,10.91746255
1,12.38662351,78.64345511,33.23819962
0,11.47492333,67.6974865,30.02652427
0,3.426487989,61.19489027,15.34499206
1,4.291737357,28.44419557,13.63884895
0,11.99037249,70.93031793,31.46882849
0,9.508451863,65.89629251,26.94300708
0,6.47636832,16.80732471,14.15937277
0,3.426487989,17.04740702,9.82526823
0,7.347857226,73.15068197,24.41513745
0,7.011477857,65.3191045,23.03706686
1,12.38662351,79.88756907,33.02391886
1,12.95716928,84.88452667,34.48139961
1,10.59613826,69.49495362,29.41553532
1,9.884510807,84.24792478,29.67406574
0,10.24661915,43.90275009,24.64703162
0,12.95716928,69.35129078,32.66638119
0,4.291737357,17.3271855,10.7121879
0,9.508451863,43.56770389,23.92437055
0,12.28881721,80.52680885,33.25021536
0,8.278574712,76.22189468,26.35342978
0,12.57983865,55.6252554,30.07313429
1,11.36891302,79.85204406,31.529255
0,4.291737357,66.04052787,17.90279927
0,12.57983865,21.32919413,21.73966768
0,9.884510807,44.75808625,24.72098179
0,0.812271281,69.13575299,8.416773828
1,10.59613826,69.35129078,28.92137614
0,5.48039866,21.21118871,14.02172621
1,6.47636832,72.72134916,22.79616974
0,0.812271281,36.93559894,6.50671858
0,10.71005189,54.71116206,27.14285544
1,1.417775541,69.09982494,10.39189754
1,7.181531261,54.9672269,22.1798146
0,1.918881261,54.63798361,11.59474856
0,0.812271281,58.32422472,7.864094089
0,8.846132431,17.12737839,16.47826738
0,5.896996055,20.85687439,14.88386831
1,3.732277839,16.76728627,10.45411675
0,4.291737357,73.11491176,17.96590925
0,12.57983865,68.63262743,32.04268779
0,10.12737771,61.37622079,27.49255528
0,1.417775541,16.92739754,5.900987001
0,9.116820699,17.3271855,16.80456253
0,2.354360082,20.42320664,8.635916169
0,4.291737357,36.59603947,14.3993156
0,0.812271281,17.08739619,4.595191331
0,12.28881721,54.63798361,29.25054256
0,11.47492333,16.6471282,19.6944351
0,1.918881261,58.43343489,11.86638579
0,1.417775541,54.71116206,10.01165683
0,10.59613826,25.08090168,21.04113954
0,2.354360082,36.897882,11.01211132
0,12.76997601,45.98311072,28.42901658
0,11.04455392,16.92739754,19.00858783
0,11.04455392,21.44715037,20.51547772
0,0.812271281,58.65180765,7.881872166
0,6.837452733,20.89626489,15.06322467
1,10.93422401,39.53109361,24.86979526
1,12.28881721,83.96487005,33.59695589
0,10.48095561,20.65983763,19.8786951
0,1.417775541,28.5596111,7.342086575
0,1.918881261,82.26496492,13.00536641
0,10.12737771,63.25961383,27.88039764
0,0.812271281,62.24602975,8.072429893
0,11.88914699,57.74150124,29.54273191
0,1.918881261,50.85873283,11.10211982
1,9.508451863,79.2834756,28.72776108
0,0.812271281,55.77140165,7.723051882
0,0.812271281,40.0935683,6.737380092
0,10.82273494,20.69925625,20.18579172
1,1.417775541,39.60612569,8.470071422
0,10.93422401,25.00319663,21.75250883
0,10.82273494,64.70540666,28.65049476
0,0.812271281,17.40706019,4.63603837
0,8.278574712,58.79735438,24.26032937
0,10.36446345,17.48690757,18.85954009
0,1.918881261,58.68819696,12.38704074
1,6.837452733,17.08739619,14.27140044
0,0.812271281,17.56672777,4.656248968
0,12.95716928,65.96841326,32.31259221
0,1.918881261,40.28092436,10.53839614
1,10.36446345,65.82416561,28.38577194
0,12.95716928,52.4023296,29.89669778
0,12.38662351,50.04873717,28.73033066
0,8.846132431,64.5248212,25.68668585
0,7.980002464,65.78809985,24.76997151
0,1.417775541,17.48690757,5.741669017
0,2.354360082,39.60612569,11.34456774
0,7.347857226,62.1373556,23.19973118
0,12.28881721,47.31663035,27.80312272
1,7.670188277,79.92309284,25.98676158
0,7.980002464,58.83373669,24.00987056
0,7.980002464,62.31847097,23.84700916
0,0.812271281,16.68718803,4.543309501
0,6.47636832,62.97014821,21.99102669
0,11.57992601,20.77807656,21.32343813
0,5.261241353,66.5811925,19.67621169
0,12.95716928,21.32919413,22.09653476
0,10.24661915,68.84828775,28.84016635
0,12.86393267,46.31676789,28.64342564
0,8.423987519,66.32892507,25.18911159
0,7.510676277,40.43076083,20.23918699
1,12.57983865,62.4995454,31.20635537
0,1.417775541,17.20732196,5.82228466
0,11.88914699,17.48690757,20.37447955
0,2.354360082,66.54515886,13.86380478
0,1.918881261,36.67151799,9.922469404
1,8.566979552,72.68556252,26.34268527
1,4.019769102,18.04508578,11.27189709
0,6.837452733,21.99697135,16.07715236
0,2.743799084,62.86157193,13.55863312
1,8.130622519,70.67929391,25.445794
0,12.28881721,58.03291983,29.88608752
0,10.12737771,67.48154223,28.22897389
0,2.743799084,17.3271855,8.526076774
0,7.347857226,58.97924842,22.80116115
0,12.95716928,61.55750965,31.4296264
0,7.670188277,69.56677636,24.49786415
0,8.423987519,40.61799626,21.87218345
0,8.130622519,84.03564071,26.87608462
0,12.76997601,77.32657505,33.38424416
1,9.760782001,61.77500147,26.91603214
1,12.95716928,69.35129078,32.85503121
0,10.36446345,51.30012652,25.76924606
0,1.417775541,62.57196373,9.812659422
0,4.291737357,75.57989456,18.83384607
0,11.88914699,20.30481393,21.45972106
0,2.743799084,35.68935534,11.2266636
1,12.95716928,84.28330139,34.40614977
1,12.95716928,87.21556655,34.78790533
1,1.918881261,58.65180765,11.24084173
0,10.48095561,16.44672115,17.90150571
0,12.09071189,69.49495362,31.56388084
0,7.670188277,45.1667124,21.87020552
0,12.76997601,62.35468913,31.22363595
0,3.426487989,55.95404267,15.27745344
0,0,17.24728336,4.610576329
0,1.417775541,69.71040451,11.00124207
1,6.47636832,75.57989456,22.59112325
0,12.38662351,16.80732471,20.12475612
0,1.918881261,16.92739754,7.106514018
0,5.48039866,66.5091237,20.20097979
0,12.95716928,69.71040451,32.66708808
0,0.812271281,17.68640742,4.67131564
0,6.837452733,68.92016281,22.82536621
0,1.918881261,55.18663734,11.35196386
0,12.95716928,52.65925042,29.8021985
0,12.28881721,16.96740771,20.31127098
0,4.550327176,29.40491504,13.64558717
0,6.837452733,61.41248189,21.65918146
0,5.261241353,17.36712626,12.46270617
0,9.635448939,58.06933914,26.30195193
0,5.896996055,51.15302812,19.73535093
0,4.550327176,17.40706019,11.85295932
0,5.48039866,71.86208878,21.00425516
0,0.812271281,16.96740771,4.57972427
0,2.743799084,68.66857448,14.66882764
0,8.566979552,73.61557084,26.17123652
0,12.95716928,84.17716807,34.63036805
0,1.918881261,32.84429432,8.517638664
0,1.417775541,63.69361919,10.88416527
0,11.6839475,81.59132993,32.07180206
0,1.417775541,36.67151799,8.415043247
0,12.86393267,57.41351863,30.49227538
0,2.743799084,36.25623757,11.56201351
0,7.670188277,43.7166378,21.28669969
0,0.812271281,41.81474203,6.857723264
0,12.09071189,33.07257535,24.97809812
1,10.24661915,83.71713597,30.00879827
0,12.95716928,44.12600444,28.31530066
0,8.707660582,48.2409723,23.15954832
0,7.181531261,61.0860719,22.55310344
0,12.95716928,54.71116206,30.06769151
0,11.78701308,47.50160973,27.47637763
0,12.57983865,59.99705367,30.26747515
0,3.732277839,16.92739754,10.04662619
0,8.707660582,53.24613387,24.24446601
0,3.098700364,36.40729073,12.79817567
0,1.417775541,50.71153571,9.975208009
0,8.278574712,63.47664538,24.86335336
0,6.47636832,21.44715037,15.19824185
0,0.812271281,17.04740702,4.590044812
0,11.99037249,74.29461244,32.03182645
1,12.76997601,59.08836391,30.91938068
0,4.291737357,75.54421543,19.11301555
0,9.379727268,20.06787246,18.21003967
0,10.24661915,50.71153571,26.10252798
0,3.098700364,66.11263635,15.02461491
0,12.95716928,59.92439807,31.01216658
0,6.095686027,44.05159604,19.11218785
0,12.86393267,82.69019642,34.07360666
0,9.508451863,77.54024138,28.57789629
0,0.812271281,54.63798361,7.658953077
0,11.57992601,78.92795869,31.8703751
0,12.76997601,79.46118735,33.60220706
0,9.760782001,21.21118871,19.38390399
0,8.707660582,25.23625705,18.42329951
1,2.743799084,17.08739619,8.573022265
0,7.347857226,65.57167293,23.44454019
0,1.417775541,66.72531188,10.76222699
0,11.26186749,79.24792952,31.31337862
0,6.659184132,84.56627255,24.1764442
0,12.76997601,68.02130236,31.8232228
0,11.88914699,81.13017151,32.9300046
0,9.884510807,61.63001355,27.42390875
0,10.36446345,78.82127925,30.0343644
0,2.743799084,50.52749272,13.06649794
0,11.99037249,21.64363565,21.51079191
0,5.692092909,69.06389543,20.94102639
1,3.426487989,73.47255257,16.39135192
0,5.261241353,21.44715037,13.75839057
0,11.78701308,70.14115078,30.98775974
0,8.707660582,36.29400539,20.99528263
0,10.71005189,82.69019642,31.24041477
0,9.249207563,21.05377114,18.5744486
0,12.76997601,57.96007586,30.60651131
0,9.116820699,68.59667891,26.90772717
1,2.354360082,61.41248189,12.71400559
1,11.78701308,71.7904477,31.49802975
0,11.99037249,55.99056531,29.30352404
0,0.812271281,35.95398584,6.432190792
0,8.982489749,61.66626302,25.70380473
0,10.00669167,17.36712626,18.22089347
1,11.26186749,76.61402018,31.07816192
0,12.95716928,80.17172477,34.04041664
0,4.797235578,16.88738032,11.72197708
0,5.033832265,25.58554204,14.01309156
0,0.812271281,69.38720866,8.428867956
0,5.48039866,17.48690757,12.75909924
0,12.28881721,65.75203255,30.99717165
0,4.797235578,27.36523899,14.57062518
0,12.95716928,70.8944616,32.97256694
0,12.95716928,69.31537144,32.59200484
0,12.95716928,87.81519252,35.1191791
0,10.93422401,65.96841326,29.25563507
0,1.417775541,20.89626489,7.330761437
0,2.743799084,50.82193665,13.51561339
0,12.57983865,17.44698728,20.91741413
0,11.99037249,76.72093628,32.45355562
0,12.95716928,66.61722462,32.30305943
0,0.812271281,40.76773668,6.784945046
0,12.38662351,68.74046418,31.68946306
0,12.95716928,51.15302812,29.73180375
0,7.510676277,16.88738032,14.7013971
0,12.1901866,71.89790724,31.57207732
1,6.47636832,57.63218983,21.08631669
0,1.918881261,73.11491176,12.92006226
0,6.837452733,72.79291833,23.49921407
0,2.354360082,62.680579,13.08066927
0,11.99037249,31.85365817,24.23881597
0,2.743799084,17.44698728,8.898804878
0,11.6839475,66.25683494,30.37340642
0,1.918881261,22.11465448,9.394029699
0,12.95716928,75.33011305,33.29097014
0,11.47492333,74.86606139,31.22021367
0,12.38662351,17.00741087,20.19881179
0,11.78701308,40.76773668,26.14771334
0,10.12737771,76.40015301,29.5763263
0,1.918881261,28.63653501,9.187465795
0,5.48039866,80.2427514,21.58796083
0,10.82273494,47.72351143,26.27188658
0,11.78701308,51.1162484,28.42942278
0,8.566979552,43.64217575,21.91853685
0,4.291737357,83.78792297,19.03008732
1,7.510676277,16.48681701,15.16762782
0,3.098700364,65.06646001,15.10354209
0,12.48362455,84.60163873,33.94090594
0,10.59613826,29.40491504,22.36653844
0,0.812271281,17.08739619,4.595191331
1,3.426487989,65.39127466,16.10843931
1,7.670188277,84.0710243,25.71077563
0,9.116820699,70.32056747,26.68777573
0,12.09071189,77.00598907,32.16499083
0,8.278574712,68.95609816,25.61937697
0,10.71005189,79.35456403,30.2586686
1,8.423987519,63.04252431,25.06349551
0,0.812271281,20.69925625,5.02949994
0,12.09071189,63.11489394,30.16710002
0,8.130622519,72.54240219,25.23168889
0,12.86393267,88.02674868,34.92391522
0,11.04455392,80.56231052,31.35359151
0,4.797235578,75.82961165,19.45158652
0,10.71005189,72.61398511,30.07936401
0,1.417775541,16.6471282,5.281066578
0,4.019769102,75.40148578,18.33132933
0,5.896996055,72.22021079,21.76152647
0,11.36891302,80.59781097,31.94705955
0,12.48362455,63.22343627,30.89846261
1,4.019769102,76.97036199,18.30134248
0,2.354360082,44.94386101,11.81163031
0,6.288664095,51.5574701,20.0173265
0,3.732277839,17.00741087,10.597723
0,12.86393267,84.60163873,34.53120394
1,4.291737357,57.04892265,16.73648119
1,5.48039866,68.74046418,20.290808
0,12.95716928,80.9527484,34.36446498
0,4.797235578,17.08739619,12.33037633
0,12.95716928,21.17184259,22.42953073
1,0.812271281,57.55930661,7.822302571
1,7.011477857,58.90649605,21.83293709
0,12.95716928,51.70447884,29.88929838
0,7.510676277,62.75298105,23.78696732
0,6.659184132,79.85204406,23.93446952
0,11.78701308,20.34428392,21.26805918
0,4.797235578,17.40706019,12.14805747
0,5.692092909,58.90649605,19.80544523
0,12.09071189,62.02866667,29.85124555
1,6.837452733,63.47664538,22.51087439
0,8.423987519,59.56101713,24.44044889
1,1.918881261,61.81124431,11.28127106
0,5.033832265,63.07870993,18.50522049
0,12.57983865,79.2834756,33.32260753
0,8.130622519,66.90542702,24.83294766
0,5.692092909,58.68819696,19.92317595
0,8.566979552,62.680579,25.15247033
0,12.95716928,16.48681701,20.36905364
1,2.354360082,65.57167293,13.60812438
0,4.797235578,27.71239412,14.47193405
1,2.354360082,64.5970601,12.92906519
0,0,62.86157193,4.610576329
0,3.098700364,61.55750965,14.4617646
0,12.28881721,82.33584874,33.42876229
0,5.48039866,16.96740771,13.09816673
0,7.181531261,17.88573952,15.42476115
0,5.033832265,25.04205144,13.87442246
0,7.181531261,62.1373556,23.15063305
0,12.95716928,51.6677297,30.08778195
0,11.15375786,79.53226335,31.2960692
0,1.918881261,58.17858645,11.47882248
0,2.354360082,17.44698728,7.981157749
1,8.423987519,70.42820035,25.8126823
1,8.846132431,75.93661361,27.03624136
0,8.846132431,17.44698728,17.25447876
1,1.417775541,36.36953196,8.261671721
0,3.732277839,59.05199383,15.46153571
0,6.837452733,43.97717793,20.12159507
0,5.48039866,46.83542132,18.52221422
0,6.837452733,73.11491176,23.68906058
0,0.812271281,36.18069286,6.449529543
0,12.86393267,21.36851833,22.48304178
0,2.354360082,45.20384602,11.98328
0,7.347857226,63.51281169,23.24551372
0,8.423987519,66.65325523,25.35247677
1,3.426487989,24.76997124,11.56201351
0,5.896996055,17.44698728,13.67794711
1,3.732277839,48.2779173,15.61020567
1,11.36891302,57.34061386,28.45923755
0,0.812271281,36.93559894,6.50671858
1,3.732277839,76.82784075,17.75286771
0,3.426487989,16.44672115,9.139426025
0,1.918881261,17.72628719,7.269019104
0,12.86393267,60.32391933,31.14371292
0,1.417775541,73.75856743,10.68065615
0,0.812271281,69.85400959,8.45123656
0,10.59613826,72.22021079,29.7559183
0,11.57992601,55.04037125,28.44859869
1,10.00669167,25.19742503,20.62419746
0,11.6839475,59.30654794,29.4064216
0,12.86393267,82.33584874,33.96708368
0,0.812271281,54.89407498,7.673518214
0,4.550327176,58.79735438,18.11541548
1,11.99037249,79.2834756,32.40989834
0,8.846132431,43.86553252,22.85429203
0,6.47636832,16.6471282,14.22705578
0,9.508451863,16.72724072,17.5967882
0,9.379727268,38.55466909,22.74879314
0,0.812271281,67.01347797,8.31342519
0,12.95716928,20.02836184,21.97364443
1,8.566979552,62.680579,25.16747636
0,4.797235578,35.50024127,15.5108581
0,0.812271281,16.84735605,4.564174117
0,7.670188277,16.36650763,15.47801751
0,8.707660582,16.72724072,16.66120546
0,11.36891302,62.46333378,29.35289341
0,11.57992601,20.50210643,20.91277219
0,6.837452733,21.21118871,15.64106058
0,4.291737357,21.87924069,11.6517691
0,5.033832265,17.04740702,12.35265182
0,8.846132431,66.07658288,25.86707238
0,8.707660582,54.9672269,24.47613129
1,2.354360082,72.54240219,14.35315488
0,12.95716928,17.60662772,21.20933096
0,1.417775541,55.18663734,9.692438318
0,3.426487989,73.29374918,16.52229951
1,7.670188277,58.97924842,22.77581918
0,2.354360082,54.63798361,12.59930423
0,9.116820699,16.92739754,17.42834172
0,6.659184132,17.04740702,14.27912815
1,11.04455392,73.65132201,30.25581799
0,6.095686027,69.53086571,21.70969838
0,1.417775541,54.19875268,9.352351901
0,8.423987519,76.29320191,26.58472709
1,7.011477857,17.64652093,14.98281263
0,1.918881261,40.28092436,10.37733948
0,12.86393267,46.61319597,28.64213081
0,4.019769102,73.68707184,17.72045777
0,0.812271281,39.79365803,6.716038395
0,6.095686027,45.72347014,18.73194559
0,4.797235578,42.89701227,16.79476917
0,12.86393267,62.31847097,31.20013781
0,12.1901866,20.54154776,21.66303106
0,2.354360082,32.65396722,10.41309672
0,7.011477857,16.6471282,14.83305886
0,9.379727268,40.95485259,23.37097046
0,7.826575027,43.41873064,20.92426186
1,2.743799084,65.64382141,13.99462999
1,10.12737771,66.65325523,28.06170374
0,9.116820699,55.22319915,24.87551783
1,11.78701308,83.71713597,32.81458134
1,3.732277839,77.04161488,17.66690081
0,10.36446345,72.97181726,29.54126104
0,7.510676277,64.95816042,23.38636653
1,1.918881261,68.23711284,12.43331903
0,10.71005189,54.78433292,27.40405447
0,7.670188277,56.13663739,22.99878049
1,3.732277839,70.96617285,17.04363422
0,11.99037249,19.94932301,20.88131663
0,12.86393267,63.58513949,31.72889929
0,12.38662351,21.09313382,22.04548984
0,12.57983865,87.03914471,34.36613493
0,5.033832265,39.53109361,16.43157191
0,11.36891302,62.89776564,29.43457604
0,9.249207563,61.8474855,26.11150523
1,5.261241353,69.78220993,20.18434376
0,5.692092909,16.48681701,13.61120397
0,5.261241353,55.11350806,19.04791204
0,8.423987519,54.78433292,24.27068737
0,3.732277839,43.34422922,14.60213297
0,9.884510807,76.11492406,28.77028028
0,10.93422401,57.88722478,28.09567803
0,1.918881261,40.35584796,10.18165585
0,7.980002464,16.88738032,15.78930202
0,0.812271281,16.76728627,4.553760666
1,4.797235578,35.38673569,15.3822146
0,5.692092909,29.17456375,15.61692546
0,9.508451863,62.78917963,26.59437873
0,2.743799084,32.23494747,11.38695242
0,9.508451863,74.5446634,27.73222153
0,8.982489749,16.68718803,16.20021576
0,2.743799084,62.24602975,14.22149024
0,4.291737357,65.64382141,17.75088752
0,1.417775541,69.13575299,10.90235468
0,7.011477857,69.88990726,22.95017011
0,7.510676277,17.08739619,15.18390949
1,12.95716928,85.4147432,34.60755998
0,8.707660582,40.3183875,22.4902386
0,4.291737357,49.27461092,16.13585339
0,5.261241353,44.42354126,17.503157
0,7.011477857,69.49495362,23.71234138
0,10.36446345,16.76728627,18.62838471
0,7.181531261,68.92016281,23.84191407
0,10.59613826,75.93661361,29.97158212
1,6.47636832,43.15793234,19.10003814
0,1.417775541,54.78433292,9.997110968
0,1.417775541,39.45605055,8.470071422
0,6.837452733,45.20384602,20.36928962
0,3.426487989,75.22304406,16.91918347
0,0.812271281,17.92558598,4.70121832
0,11.6839475,74.22315725,31.1928001
0,11.57992601,20.62041335,21.234063
0,9.635448939,86.8979871,29.37866331
1,11.6839475,61.66626302,29.49538469
0,1.918881261,54.63798361,11.18961672
0,8.423987519,17.08739619,16.14827798
1,10.24661915,75.79394171,29.44830266
0,0,21.60434939,4.610576329
0,1.417775541,62.93395774,10.60308113
0,10.93422401,16.72724072,18.855834
1,5.033832265,58.10575668,18.43355036
1,4.550327176,69.24352842,19.05458583
0,8.423987519,67.76945599,25.46804462
1,5.896996055,76.93473361,21.74869859
0,5.692092909,58.43343489,19.49586423
0,10.82273494,81.91047414,31.35146597
0,7.980002464,58.87011724,23.94865299
0,12.76997601,51.26335499,29.37082651
0,12.86393267,76.93473361,33.48293268
0,9.635448939,53.86914821,25.66425557
0,0.812271281,62.64437554,8.093061426
0,3.426487989,63.15107633,15.85789159
0,7.347857226,69.74630794,23.74071754
0,12.48362455,69.13575299,31.90185913
0,2.743799084,44.42354126,12.21212728
0,5.48039866,20.85687439,13.14767973
0,6.47636832,17.04740702,14.27857649
0,1.918881261,44.75808625,10.53839614
0,11.15375786,80.31377312,31.28348638
0,9.760782001,16.68718803,17.79924967
0,4.019769102,62.06489796,17.32305683
0,12.09071189,74.79464894,32.22030205
0,12.67528347,20.42320664,21.82598127
0,12.67528347,20.69925625,21.9689512
0,9.508451863,40.28092436,23.34581322
0,11.78701308,32.31116376,24.50113473
0,2.354360082,72.61398511,13.93307297
1,12.86393267,69.35129078,32.27945041
0,9.116820699,61.4849991,25.663463
0,8.423987519,75.79394171,26.44192205
0,9.379727268,43.04612441,23.81160519
0,9.249207563,20.42320664,18.27554438
0,10.93422401,69.06389543,29.47209934
0,10.48095561,80.34928213,30.22337547
0,12.76997601,47.24262293,28.64123429
0,6.47636832,55.36942764,21.21552069
0,10.71005189,64.05511449,28.70936127
0,6.288664095,36.29400539,18.14615074
0,7.347857226,48.79491827,21.70264363
0,4.797235578,39.45605055,15.96883561
1,9.379727268,80.6333102,28.91671261
0,3.426487989,58.36062988,15.54353623
0,7.011477857,52.21875493,21.38557664
0,7.670188277,16.56698702,15.40860741
1,10.36446345,66.61722462,28.07041715
0,7.510676277,16.36650763,15.27745344
0,5.261241353,51.07946663,18.43746615
1,4.550327176,79.49672597,19.5184352
0,1.417775541,16.44672115,6.653969787
0,7.510676277,63.65746089,23.38452704
1,12.95716928,87.00385698,34.95162391
0,12.09071189,17.04740702,19.90521311
0,12.86393267,16.88738032,20.78982934
0,4.550327176,51.41042885,16.99543426
1,5.261241353,16.76728627,11.70559169
0,5.033832265,68.70452006,19.66438284
0,3.098700364,17.20732196,8.710832767
1,4.550327176,58.76097033,17.366329
0,6.095686027,45.24097729,19.20298803
0,0.812271281,29.21296525,5.877230322
0,8.423987519,58.97924842,24.19978547
0,7.980002464,29.25136289,19.19179772
0,1.918881261,47.7974609,10.58913788
0,1.417775541,73.15068197,11.12630672
0,5.033832265,74.22315725,19.6700423
0,9.635448939,32.88234958,21.96816875
0,0.812271281,16.12569119,4.469067815
0,3.426487989,43.79109005,13.73370702
0,10.93422401,50.7851384,27.07040165
0,10.12737771,20.73866922,19.545384
0,12.76997601,59.41561654,30.67663942
0,11.04455392,16.00518306,18.81752893
1,11.99037249,75.15165812,31.74742662
0,11.78701308,72.39921982,31.02422982
1,1.918881261,62.53575538,11.62552833
1,7.011477857,73.11491176,24.20392566
0,0.812271281,25.97321235,5.577970095
0,12.48362455,56.68414555,30.21297468
0,4.797235578,69.27945066,19.08067008
1,12.86393267,64.1996681,31.5858287
0,7.347857226,16.96740771,15.23061204
0,2.743799084,43.00885012,12.58535226
0,7.510676277,41.32888702,20.32456843
0,0.812271281,16.76728627,4.553760666
1,12.76997601,35.68935534,26.10796585
0,12.95716928,86.54501456,34.66365954
0,11.78701308,72.61398511,31.23969957
1,8.423987519,76.89910395,26.61606211
0,0.812271281,16.92739754,4.57455017
0,5.261241353,43.34422922,17.35170129
0,5.033832265,62.24602975,18.95190292
0,3.098700364,83.64634429,16.58899374
0,10.24661915,61.66626302,27.48435871
0,5.48039866,77.57584796,21.4694623
1,9.884510807,72.54240219,28.25263212
0,9.379727268,40.01860699,23.04765434
1,6.659184132,47.64955309,20.03848376
0,11.47492333,42.97157334,26.56382465
0,11.04455392,71.9337243,30.00420801
0,6.095686027,67.94935368,21.24512658
0,0.812271281,47.72351143,7.245895387
0,11.57992601,48.38873916,27.2262881
1,12.86393267,79.49672597,33.81489246
0,8.846132431,76.07926458,27.34651361
0,1.918881261,66.36496784,12.17028996
0,9.249207563,80.06517562,28.11576098
0,8.846132431,54.34519358,24.69435454
0,3.426487989,69.78220993,15.97223358
0,10.36446345,58.21499867,27.29768472
0,5.261241353,40.50566301,17.29746033
1,6.47636832,47.61257059,20.15169697
0,12.38662351,66.04052787,31.12487186
0,5.48039866,16.6070612,13.366063
0,9.760782001,17.64652093,17.83229538
0,5.896996055,61.44874133,20.57485071
0,9.116820699,79.81651782,27.88498884
0,4.797235578,39.71865328,16.12506706
0,11.04455392,72.50660867,29.99670074
0,11.78701308,21.01440292,21.26445349
0,6.095686027,21.44715037,14.80927616
0,0.812271281,58.54262918,7.875954887
0,1.918881261,55.0769406,11.07391879
0,4.019769102,54.52820165,15.78275375
0,0.812271281,62.42712053,8.081820785
0,11.36891302,71.71880104,30.65945958
0,5.896996055,54.23536578,19.60186349
0,4.550327176,52.29219079,17.12217068
0,3.426487989,54.63798361,15.33004363
0,12.67528347,17.20732196,20.86309855
0,6.288664095,66.5811925,21.37992719
0,1.918881261,62.46333378,12.06306141
0,11.15375786,17.36712626,19.28951473
0,11.99037249,20.02836184,21.01365518
0,7.181531261,69.85400959,24.06960752
0,11.99037249,55.29631715,28.94708769
0,5.896996055,51.85145517,19.39988133
0,4.019769102,20.69925625,10.99332251
0,12.1901866,54.41840254,29.22901544
0,1.417775541,59.27018827,9.967884416
0,0.812271281,37.04873198,6.515217877
0,5.692092909,40.1310449,17.60521031
0,12.95716928,20.73866922,22.54449013
0,8.130622519,69.74630794,25.613139
0,10.59613826,77.21972461,29.96024311
0,11.88914699,58.87011724,29.74905941
0,10.36446345,67.44554629,28.38454844
0,6.47636832,50.85873283,20.80036756
0,8.707660582,61.01351795,24.90807276
0,12.76997601,20.77807656,21.9996075
0,11.15375786,80.77529492,31.57880046
1,11.88914699,75.40148578,31.94391147
0,1.918881261,60.0333789,11.70127133
0,5.033832265,16.6070612,12.37941719
1,5.692092909,73.86580068,21.36631141
0,1.918881261,46.65023921,10.54815321
0,7.347857226,17.16735364,15.46886604
0,8.130622519,50.932319,22.75613931
0,6.659184132,23.75737871,16.27048446
0,0.812271281,36.63378023,6.483953719
0,5.48039866,16.56698702,12.66347622
1,7.011477857,69.78220993,23.54107896
0,10.12737771,80.27826287,29.75194787
0,7.181531261,64.5248212,23.25993323
0,4.550327176,69.56677636,18.71512086
0,0.812271281,36.44504649,6.469651023
0,11.36891302,78.89240012,31.45096132
0,0.812271281,59.19746374,7.91132856
0,0.812271281,16.6070612,4.532820301
0,3.426487989,61.73875697,15.34685822
1,11.26186749,68.59667891,29.88546309
0,1.417775541,25.62432905,7.194521957
0,12.95716928,66.5091237,32.01000021
1,10.12737771,28.17475345,21.64437501
0,10.36446345,17.16735364,19.0462427
1,10.24661915,73.22221831,29.18441421
0,1.417775541,40.39330574,8.526076774
0,1.417775541,62.35468913,11.08074021
0,4.797235578,41.10449785,16.12880272
1,12.57983865,69.17167959,32.03510075
0,12.67528347,73.18645082,32.8192607
1,11.36891302,72.9002618,30.67672275
1,2.354360082,62.42712053,12.86854324
0,12.1901866,59.41561654,29.90952399
0,11.6839475,83.82331472,32.50293412
0,11.99037249,87.63886527,33.48207148
0,12.09071189,20.73866922,21.55418148
0,11.04455392,42.85972799,25.76741581
0,2.743799084,16.6070612,8.293870385
1,10.59613826,68.16518193,28.67038354
0,11.99037249,77.43341397,32.77259824
0,11.26186749,45.24097729,26.35873614
1,12.86393267,76.18623911,33.49425535
0,12.95716928,17.12737839,20.46967706
0,8.982489749,48.13012416,23.91915905
0,7.347857226,17.80602668,15.08025668
1,12.95716928,87.14500117,34.93268409
0,8.982489749,16.44672115,16.66888466
0,0.812271281,49.68022221,7.366884746
0,12.95716928,80.52680885,33.98219145
0,11.6839475,16.92739754,19.79962728
1,3.426487989,69.09982494,16.64505165
0,0.812271281,57.96007586,7.844247775
0,8.130622519,81.9459286,26.67569825
0,12.1901866,16.68718803,20.0581157
0,12.09071189,54.08890186,28.57438911
1,12.95716928,65.46343861,31.69137669
0,3.732277839,58.61541659,16.29968687
0,11.99037249,65.49951826,30.55761726
0,12.48362455,84.56627255,33.96536142
0,3.098700364,36.21846673,12.39084859
0,12.76997601,62.680579,30.99879363
1,6.47636832,62.75298105,21.71553941
0,2.743799084,59.05199383,14.10910954
0,7.181531261,45.8347586,20.66095991
0,4.550327176,35.68935534,14.96799376
0,12.95716928,84.14178798,34.50436747
0,12.38662351,46.27970407,27.95479075
0,10.12737771,62.97014821,27.35010502
0,12.67528347,16.80732471,20.79274549
1,5.48039866,66.29288077,20.55918232
0,7.826575027,47.27962776,21.84445172
0,12.76997601,87.63886527,34.70524577
0,8.982489749,59.015622,25.23293029
1,5.692092909,67.01347797,20.25595156
0,6.095686027,66.00447134,21.46925515
0,8.707660582,74.93746853,26.59172542
0,9.760782001,36.48279923,23.31401754
0,10.48095561,55.66179475,27.56252329
0,10.36446345,83.3985365,30.44145539
0,9.379727268,69.13575299,27.21651996
0,4.550327176,17.76616027,11.22950235
0,3.426487989,17.00741087,10.06820251
0,1.918881261,20.69925625,8.304548038
0,3.732277839,52.54915343,15.84838303
0,0.812271281,16.6070612,4.532820301
0,8.423987519,72.9002618,26.40673909
0,11.78701308,51.92493122,28.2012213
0,4.291737357,17.00741087,10.9465435
0,12.86393267,20.73866922,22.09364237
0,2.354360082,17.3271855,7.932793721
1,0.812271281,54.41840254,7.646425677
0,9.884510807,41.10449785,23.65338076
0,11.6839475,76.25754895,31.78477631
0,7.011477857,43.34422922,19.96642253
0,12.95716928,16.56698702,21.22788669
0,6.837452733,44.83240329,20.30936959
0,0.812271281,21.13249097,5.077986529
0,12.67528347,20.18636932,22.10501365
0,10.71005189,29.09774918,22.24186005
1,0.812271281,21.17184259,5.082356525
0,1.417775541,36.40729073,8.64903966
0,5.48039866,58.87011724,19.41768473
0,8.278574712,17.36712626,16.10385955
0,0.812271281,17.16735364,4.605457051
0,12.38662351,80.17172477,33.44784122
0,0,44.68375967,4.610576329
0,1.918881261,43.679408,10.5665306
0,3.732277839,17.04740702,9.924935488
0,12.1901866,57.19478271,29.67542871
0,7.826575027,17.44698728,15.7089719
0,11.47492333,77.14848457,31.82102697
0,5.261241353,67.48154223,20.14806149
0,6.288664095,17.00741087,13.77099421
0,4.291737357,62.20980667,17.91507686
0,10.82273494,39.90614473,24.87680495
0,12.48362455,51.77797105,28.99042063
0,4.550327176,17.40706019,12.07517003
0,12.95716928,48.31486011,29.41888137
0,12.38662351,17.3271855,20.62328205
0,6.095686027,68.27307608,21.81603479
0,4.019769102,16.6471282,10.76533783
0,4.019769102,58.76097033,16.30696812
0,10.48095561,84.74309193,30.76108868
0,4.291737357,55.0769406,17.08391516
0,4.019769102,72.86448201,18.12326809
1,5.033832265,73.07914019,20.2989041
0,2.354360082,61.12234637,13.22576982
0,2.354360082,55.11350806,11.86387088
0,12.95716928,70.8944616,32.54062465
0,10.82273494,66.22078759,29.18014368
0,11.6839475,33.41477082,24.58460491
0,4.291737357,66.29288077,17.62974754
1,11.88914699,63.80208451,30.06171905
0,11.15375786,65.42735741,29.29741986
0,8.566979552,48.2779173,23.26264497
0,7.670188277,17.24728336,15.48578629
1,0.812271281,61.66626302,8.042232885
0,7.011477857,73.25798443,23.78664693
0,0.812271281,16.92739754,4.57455017
0,10.12737771,65.39127466,28.05455983
0,9.379727268,16.92739754,17.89956494
0,2.743799084,54.9672269,13.44954345
0,12.95716928,63.91053548,31.56101849
0,11.57992601,52.62255341,28.28817806
0,12.76997601,36.10513601,26.22487294
0,11.88914699,75.50853499,32.06126357
0,1.417775541,55.47907932,9.608763992
0,10.24661915,20.97502915,19.68571356
0,0.812271281,40.1310449,6.740038991
0,6.837452733,54.41840254,21.46966944
0,10.48095561,78.39444855,30.06066477
0,12.1901866,66.97746249,31.27509048
0,12.95716928,20.46265939,21.83174506
0,4.797235578,46.39088863,17.12037077
1,8.707660582,72.50660867,26.61582144
0,12.95716928,54.05228107,30.03242688
0,7.980002464,66.43704882,24.54784248
0,8.566979552,17.12737839,16.19857299
0,0.812271281,17.3271855,4.625880276
0,11.99037249,84.28330139,33.05342331
0,9.635448939,57.1583204,26.08150802
0,12.1901866,76.64966017,32.22206086
0,2.354360082,64.30806668,13.08673207
0,7.181531261,65.39127466,22.93209392
0,5.261241353,16.68718803,12.73838643
0,1.918881261,17.00741087,7.159090417
1,2.354360082,76.47144725,14.55058828
0,6.095686027,28.79033561,15.61961148
0,3.732277839,52.21875493,15.56071817
0,8.846132431,19.6725012,17.51646063
0,0.812271281,59.34290587,7.919147311
0,12.38662351,21.25052933,21.95230917
0,3.732277839,36.06735304,13.39934201
0,12.86393267,79.53226335,33.81321422
0,9.884510807,71.28880362,28.42840725
1,1.417775541,72.22021079,10.59665068
1,7.980002464,77.6470573,25.94727875
0,5.48039866,65.35519036,20.38602723
0,12.28881721,72.72134916,31.96218897
0,8.846132431,73.40103529,27.08790045
0,12.1901866,76.82784075,32.72407187
0,11.57992601,44.27479217,26.49319406
1,6.095686027,40.056089,17.97007623
0,12.48362455,69.13575299,32.39509477
0,12.09071189,16.36650763,19.74274467
0,11.78701308,76.47144725,31.82216279
1,4.019769102,65.42735741,17.06216993
0,12.76997601,85.8740561,34.38986228
0,5.48039866,77.39780228,21.26020956
0,10.48095561,17.00741087,18.41152412
0,4.797235578,57.99649873,17.12648862
1,12.86393267,70.8944616,32.69786917
1,10.00669167,57.7779348,26.38424249
0,0.812271281,40.50566301,6.766521433
0,10.12737771,20.58098339,19.27682583
0,7.011477857,20.85687439,16.15572189
0,9.884510807,51.18980579,25.84296395
0,8.846132431,17.64652093,17.11568887
0,4.019769102,54.19875268,15.97562985
0,4.797235578,76.57837889,19.51371634
1,12.28881721,83.29231555,33.57237794
0,1.417775541,70.46407512,11.06220364
0,7.670188277,39.4185249,20.30532768
0,9.508451863,40.35584796,23.22767024
1,2.743799084,59.015622,13.47794953
0,3.732277839,16.96740771,10.22004273
1,11.57992601,75.04456929,30.99652279
0,10.93422401,76.82784075,30.6435918
0,1.918881261,44.49790137,10.23392594
0,9.635448939,84.5309052,29.34073504
0,6.47636832,75.57989456,23.25620328
0,0.812271281,40.20599001,6.745350951
0,2.354360082,62.82537659,13.25723815
0,7.011477857,17.72628719,14.87032512
1,3.098700364,16.6471282,8.975423074
0,3.732277839,16.52690563,10.18865815
0,6.095686027,54.60139153,19.85586008
1,10.93422401,39.26839473,24.88166586
0,8.278574712,72.68556252,26.0255818
0,7.980002464,17.56672777,16.47471692
0,8.982489749,80.91726014,28.0047372
0,5.692092909,76.61402018,21.38954996
0,9.760782001,82.51303744,29.48762821
0,0.812271281,17.48690757,4.646161172
0,11.78701308,76.36450395,31.75428142
0,2.743799084,66.07658288,14.34988349
0,6.837452733,73.68707184,23.92042271
0,8.982489749,17.04740702,16.56800135
0,2.354360082,55.25975909,12.54180519
0,4.019769102,51.26335499,15.57289935
0,0.812271281,58.32422472,7.864094089
0,4.797235578,39.56861102,15.78013265
0,7.011477857,57.70506589,22.27101991
0,11.99037249,71.10957839,31.43079963
0,9.116820699,75.75827047,27.21901965
0,3.732277839,16.40661803,10.28677742
0,8.278574712,68.48882455,25.24134008
0,5.033832265,58.17858645,18.16615496
0,7.181531261,75.72259791,24.44986754
0,10.12737771,73.72282031,29.24582522
1,12.67528347,80.45580184,33.26815018
0,1.417775541,17.24728336,5.961312458
0,11.88914699,80.88177066,32.64487274
0,9.635448939,79.95861539,29.03579791
0,10.00669167,39.45605055,24.01487604
0,9.379727268,29.21296525,20.389559
0,12.95716928,51.37366345,29.79410846
1,5.033832265,74.36606226,20.03553488
0,10.82273494,54.78433292,27.41476699
1,12.86393267,76.04360379,33.55434149
1,6.837452733,74.25888551,23.42757578
0,1.417775541,43.93996523,8.850617109
0,11.36891302,81.44945677,31.71362917
0,0.812271281,41.10449785,6.808496492
0,7.011477857,45.94602617,20.26479903
1,12.38662351,55.58871418,29.76628908
0,0.812271281,16.68718803,4.543309501
1,6.288664095,68.16518193,22.34331708
0,4.550327176,61.88372503,17.5065705
0,3.732277839,16.84735605,10.00802455
0,10.93422401,75.29442471,30.21626927
0,1.918881261,17.24728336,7.305727534
0,10.82273494,61.63001355,28.38679142
1,5.48039866,59.08836391,19.58628695
1,12.1901866,72.50660867,31.96615547
0,9.116820699,32.76817365,21.15256081
0,5.033832265,17.00741087,11.95862023
0,10.59613826,44.163205,25.10466056
1,10.12737771,78.14538021,29.75997755
0,6.095686027,55.77140165,20.09528664
1,0.812271281,58.39703326,7.868051586
0,12.57983865,43.23245853,27.9201589
0,11.15375786,16.76728627,18.83470391
1,7.011477857,68.34499813,23.58472133
0,5.896996055,59.81540183,20.41024842
0,12.86393267,62.53575538,31.42407154
0,12.48362455,16.44672115,20.68439417
0,5.261241353,65.71596371,19.87844451
1,0.812271281,21.64363565,5.134317046
0,12.09071189,16.6471282,19.93438253
0,9.635448939,53.94240714,25.76179225
0,5.896996055,71.32464445,21.57548805
0,11.36891302,77.00598907,31.08726102
0,2.743799084,17.48690757,8.637558811
0,1.417775541,34.59140764,7.776023644
0,1.918881261,16.72724072,7.011458186
0,9.116820699,53.09946026,24.55686146
0,7.980002464,54.12552072,23.04539902
0,3.732277839,35.31104977,13.29568717
0,12.09071189,83.61094669,33.27353914
0,3.426487989,17.56672777,10.33453337
0,1.918881261,73.32951258,12.71903377
0,12.95716928,17.84588642,21.21637409
0,6.288664095,44.79524596,19.30460683
0,11.6839475,15.76396428,19.11080815
0,1.417775541,69.45904008,10.9923317
0,8.846132431,21.60434939,18.07697614
0,5.261241353,16.72724072,12.82219831
0,5.261241353,58.87011724,18.93272757
0,12.67528347,16.88738032,20.97050412
1,3.426487989,50.71153571,14.88136247
0,12.67528347,59.16109887,30.8813575
0,12.95716928,61.4849991,31.42876595
0,3.732277839,77.21972461,17.66790235
0,2.354360082,40.39330574,11.50221327
0,12.09071189,62.46333378,30.04677438
0,12.95716928,16.92739754,20.95797765
0,10.24661915,17.92558598,18.41394107
0,2.743799084,54.93065188,13.2270844
0,8.130622519,40.16851881,21.13556347
0,12.09071189,79.99413669,32.62900054
0,11.78701308,16.92739754,19.48929088
0,12.09071189,81.9459286,33.0983017
0,7.347857226,66.5091237,23.80633107
0,0.812271281,37.04873198,6.515217877
1,3.098700364,62.82537659,14.69933417
0,6.837452733,21.21118871,15.73937377
0,8.278574712,62.64437554,24.64014768
0,9.379727268,63.33196411,26.34700912
0,7.510676277,17.76616027,15.30145325
0,11.04455392,80.9527484,31.49056097
0,0.812271281,70.67929391,8.490523022
0,4.797235578,52.95275522,17.75253772
0,5.692092909,73.47255257,21.47650231
0,1.417775541,17.3271855,6.483953719
0,9.379727268,36.44504649,22.39864912
0,0.812271281,58.57902376,7.877928282
0,3.426487989,28.52114321,12.00701137
1,2.354360082,54.49160386,12.24740075
1,4.291737357,73.29374918,18.17613712
0,11.26186749,63.36813684,29.34513226
0,12.95716928,58.90649605,31.03126779
0,4.291737357,53.3561185,16.46128766
1,4.550327176,84.70773036,19.77326746
0,5.48039866,37.38797209,16.35210137
0,7.011477857,17.36712626,14.91884728
0,0.812271281,17.08739619,4.595191331
1,1.918881261,36.40729073,9.55301475
0,10.36446345,73.83005761,29.12209365
0,5.48039866,16.76728627,12.38551687
0,12.38662351,76.25754895,32.87333006
1,12.57983865,48.09317039,28.29948731
0,5.896996055,75.61557236,22.07356238
0,3.426487989,47.24262293,14.25979074
1,4.797235578,62.57196373,18.4926745
1,6.659184132,56.20966236,21.23044295
0,6.659184132,29.55840599,17.39999951
0,11.36891302,51.44719222,27.30185632
0,3.098700364,39.38099649,12.4257588
1,12.28881721,42.7851519,27.31481165
0,9.760782001,62.57196373,26.99013403
0,12.57983865,83.04442547,33.93694271
0,10.48095561,22.03620433,20.08210056
1,10.71005189,81.44945677,30.81532428
1,3.426487989,51.26335499,15.06566057
0,12.09071189,16.52690563,20.17347596
0,5.896996055,17.92558598,13.91378097
0,9.760782001,60.75952619,27.00892575
0,2.354360082,16.12569119,8.22741065
0,11.99037249,21.80072704,21.81364595
1,1.417775541,58.39703326,10.47834482
0,1.417775541,55.22319915,9.366287232
0,10.48095561,74.40178516,29.27748787
0,7.670188277,16.68718803,15.3225566
0,12.76997601,62.53575538,31.40950718
1,0.812271281,68.59667891,8.39073985
0,10.24661915,72.79291833,28.97041937
0,8.130622519,69.63859332,25.43823099
0,5.48039866,51.04268281,18.75335839
0,12.67528347,73.5798183,32.59314263
0,12.28881721,16.68718803,19.9520326
1,12.95716928,79.53226335,33.8589
1,5.033832265,68.77640683,19.70340326
0,5.896996055,17.12737839,12.51953207
0,10.82273494,84.8138116,31.41342406
0,10.82273494,47.98229587,26.38190396
0,12.95716928,70.14115078,32.53233829
0,12.48362455,67.58952109,31.7203504
0,8.707660582,16.80732471,16.63657522
0,12.48362455,40.88001416,27.32336476
0,10.59613826,17.08739619,18.32888588
0,11.04455392,16.56698702,19.39535769
0,7.670188277,47.20561586,21.70526464
1,7.011477857,72.86448201,24.10390718
0,12.67528347,63.33196411,31.14875887
0,1.417775541,24.1861746,6.452411068
0,8.846132431,66.90542702,26.15199431
0,10.24661915,55.40598007,26.64826256
0,11.15375786,74.61609451,30.44978499
0,11.36891302,75.36580007,31.0766313
0,4.019769102,59.16109887,16.48299849
0,6.47636832,47.02054678,19.81454317
0,4.550327176,59.27018827,17.97424088
1,8.130622519,69.49495362,25.08577958
0,12.57983865,55.66179475,29.77097539
1,9.249207563,78.46559957,28.36771146
1,5.896996055,66.11263635,21.08610007
0,10.48095561,80.9527484,30.37024162
0,0.812271281,35.50024127,6.397255058
0,12.09071189,46.87245093,27.73362898
0,1.918881261,54.93065188,11.56201351
0,10.48095561,20.50210643,19.51869728
0,12.38662351,24.49766414,23.08919175
0,12.57983865,65.42735741,31.45470861
1,5.896996055,36.44504649,17.33354969
0,3.426487989,17.56672777,9.734998635
0,12.95716928,67.37354991,32.18668962
0,7.980002464,16.92739754,15.79671567
0,9.116820699,69.71040451,27.09043076
0,8.707660582,83.57554792,27.46983312
1,9.760782001,65.60774794,27.36748379
0,11.6839475,51.6677297,27.93462002
0,4.550327176,61.88372503,17.98767999
1,11.78701308,62.93395774,29.98105226
0,7.670188277,44.75808625,20.98103837
0,0.812271281,66.43704882,8.284951336
1,0.812271281,61.59376243,8.038442469
0,5.896996055,28.32874432,15.96628601
0,11.57992601,17.64652093,19.78797876
0,0.812271281,16.08552926,4.463690481
0,1.918881261,35.87839245,9.746538581
0,11.04455392,70.03348359,30.0904113
0,8.846132431,21.48645825,18.19419604
0,10.71005189,80.84627996,30.80518954
0,12.57983865,55.55217109,29.98255614
0,10.36446345,21.32919413,19.5474733
1,12.28881721,82.86732574,33.38017108
0,2.743799084,54.78433292,13.15367285
0,10.82273494,72.79291833,29.89874737
0,10.24661915,73.7943132,29.13744421
0,4.019769102,59.96072672,16.54303925
0,3.732277839,17.24728336,10.67749194
0,5.261241353,20.85687439,13.11494146
0,10.12737771,87.7093995,30.44307078
0,3.732277839,58.32422472,15.58280823
1,0.812271281,40.28092436,6.750655149
0,12.38662351,78.85684031,33.31166766
0,12.95716928,56.50168867,30.25650911
0,9.635448939,86.26255548,29.5038738
0,7.011477857,21.09313382,16.12340611
0,7.980002464,61.44874133,24.38043215
0,2.354360082,62.35468913,13.09009755
0,3.098700364,21.32919413,10.20495722
1,12.48362455,80.45580184,33.31744079
1,3.426487989,36.97331291,13.40890686
0,11.36891302,20.58098339,20.94719442
0,12.95716928,21.01440292,22.61444055
0,12.95716928,66.04052787,31.96869933
0,7.011477857,16.72724072,14.3770926
0,8.846132431,40.28092436,21.87969552
1,7.670188277,55.36942764,22.95262431
0,7.510676277,47.64955309,21.72338843
0,4.797235578,22.11465448,13.02377404
0,9.508451863,17.16735364,17.5690954
0,3.426487989,46.76135529,14.78743945
0,12.76997601,74.86606139,32.81555926
0,11.78701308,16.76728627,19.66438284
0,9.379727268,21.21118871,18.47801136
0,12.95716928,86.86269489,35.00015148
0,0.812271281,28.5596111,5.818820195
0,11.15375786,55.47907932,27.86789542
0,1.918881261,66.07658288,12.29640658
0,12.09071189,59.015622,29.71026543
0,12.86393267,65.71596371,32.07195042
0,9.760782001,17.56672777,18.53976445
0,10.36446345,17.40706019,18.44950209
0,12.38662351,78.35887114,32.74003409
0,6.659184132,79.74546162,23.81016708
0,4.550327176,29.28975669,14.36023699
0,0.812271281,76.43580078,8.755802352
1,11.26186749,69.78220993,30.30504375
0,12.67528347,74.93746853,32.91920283
1,1.918881261,57.7779348,11.11664569
0,2.354360082,58.17858645,12.81231892
1,8.130622519,54.30858623,23.46396133
0,2.743799084,64.23580254,14.27967976
0,12.86393267,20.54154776,22.15226928
0,7.980002464,44.08880145,21.73966768
0,10.93422401,48.61032399,26.49964605
0,12.57983865,59.8880677,30.62485694
0,10.24661915,16.56698702,18.59748425
0,3.732277839,43.7166378,14.49968197
0,12.95716928,16.80732471,20.90414467
0,5.896996055,16.96740771,13.13433949
0,1.918881261,82.26496492,13.07325053
1,1.417775541,64.99426184,10.44085067
0,4.019769102,58.06933914,16.35370781
0,10.82273494,44.94386101,25.8955138
0,3.098700364,17.12737839,8.774932304
0,1.918881261,72.97181726,12.42500221
1,5.896996055,72.47081376,21.69114223
0,8.130622519,40.0935683,20.99243569
0,8.278574712,55.73486788,23.7070113
0,10.12737771,63.44047747,27.53939846
0,12.1901866,69.06389543,31.36995339
0,0.812271281,47.50160973,7.231953327
1,0.812271281,54.67457378,7.661037108
1,11.88914699,75.9009476,31.79722598
0,0.812271281,16.2862649,4.490476568
0,4.019769102,36.70925277,14.29125223
0,12.95716928,86.86269489,34.67260356
0,0.812271281,16.6471282,4.538069676
0,3.426487989,35.84059116,13.00331748
0,12.38662351,69.85400959,32.04008492
0,0.812271281,54.89407498,7.673518214
0,9.508451863,17.36712626,17.15449193
0,5.692092909,55.99056531,19.91943697
0,1.417775541,67.40954885,10.8659099
0,12.48362455,20.89626489,21.59102516
0,9.635448939,79.78099034,28.67554878
0,11.36891302,16.88738032,19.44603443
0,12.95716928,88.27351396,34.56706277
0,1.918881261,65.67989333,12.29718094
0,11.15375786,17.08739619,19.35292274
1,10.93422401,84.24792478,31.58706401
0,10.71005189,69.24352842,28.9549349
0,5.261241353,69.4231251,19.7496224
0,7.670188277,39.19331307,20.90348064
1,12.95716928,74.18742764,33.034974
0,11.99037249,58.10575668,29.69249746
0,4.797235578,43.38148117,16.4719542
1,10.00669167,58.50623284,26.73665969
0,11.15375786,62.20980667,29.06585169
0,12.57983865,17.08739619,20.7477692
0,6.47636832,16.56698702,14.25370075
0,10.71005189,43.8283125,25.04903296
0,11.57992601,20.58098339,21.3006535
0,8.846132431,69.20760473,26.48027797
0,1.417775541,36.70925277,8.108001027
0,12.09071189,59.12473226,29.65369268
0,11.57992601,84.17716807,32.61502473
0,7.670188277,17.48690757,15.88547669
0,12.86393267,87.35668394,34.64545049
0,12.09071189,46.53910266,27.28233715
0,12.86393267,71.7904477,32.81611804
1,9.635448939,85.98002408,29.67697321
1,5.033832265,69.81811048,19.86465041
0,1.417775541,61.5212552,9.975208009
0,12.57983865,16.52690563,20.31150863
0,0.812271281,39.23085528,6.675680176
1,12.28881721,83.04442547,33.4145175
1,12.95716928,21.01440292,22.44307755
0,7.826575027,43.8283125,21.26487777
0,12.95716928,20.81747828,22.65039117
0,1.417775541,70.28468699,10.54598664
0,6.095686027,17.16735364,13.97553272
1,11.78701308,79.70993167,32.34637047
1,7.510676277,52.07185915,21.86802928
0,0.812271281,56.1731508,7.745549322
0,2.354360082,17.3271855,7.977309844
0,12.57983865,71.03787844,32.42360288
0,9.249207563,65.3191045,26.72821084
1,9.760782001,80.31377312,29.51161919
0,11.47492333,16.72724072,19.52157956
0,11.15375786,25.23625705,21.74428464
0,4.797235578,60.86838989,18.47531505
0,10.00669167,48.72108706,25.34825141
0,9.760782001,54.52820165,26.22524791
0,12.95716928,20.81747828,22.32003515
0,12.86393267,70.21292174,32.27988802
0,6.288664095,69.20760473,22.28782858
0,7.011477857,57.63218983,21.82975798
0,8.130622519,16.56698702,15.8440565
0,8.846132431,21.95773309,18.52072506
0,4.291737357,75.68692404,18.62926575
0,0.812271281,35.53807026,6.400179664
0,6.837452733,54.74774844,21.20206833
0,3.426487989,31.51019887,12.5269663
0,8.982489749,42.48674698,22.80187398
0,8.707660582,17.56672777,16.94432252
0,12.95716928,50.89552694,29.7322558
0,8.982489749,21.09313382,18.37669506
0,0.812271281,59.59736297,7.932793721
0,7.011477857,61.63001355,21.96464687
1,8.423987519,65.86022983,25.12727013
0,12.86393267,73.15068197,32.95696832
1,7.011477857,61.77500147,22.56372127
0,5.896996055,74.22315725,21.61040749
0,0.812271281,58.97924842,7.899571884
0,4.797235578,16.80732471,12.19558842
0,12.95716928,17.44698728,21.25256518
0,0.812271281,16.40661803,4.506428748
1,12.95716928,75.43717017,33.17408014
0,11.78701308,58.14217245,29.23950089
0,11.88914699,41.17930472,26.6802439
0,3.098700364,36.897882,13.13834478
1,8.423987519,66.07658288,25.18024132
0,8.278574712,66.97746249,25.2804002
0,6.288664095,57.7779348,20.91564608
0,12.95716928,17.28723787,20.81178771
0,8.423987519,43.3069748,22.20651301
0,12.28881721,69.9258035,31.73896704
0,10.12737771,40.84259098,24.22781172
0,9.760782001,21.05377114,18.49058149
0,3.732277839,58.50623284,15.79148336
0,8.423987519,17.44698728,16.79816072
1,6.837452733,50.23291574,20.72473807
1,11.47492333,36.29400539,24.93270253
0,0.812271281,38.62984572,6.632127631
1,0.812271281,36.48279923,6.472516191
0,0.812271281,36.40729073,6.466783531
0,7.181531261,73.75856743,23.55816643
0,0.812271281,17.08739619,4.595191331
1,11.15375786,69.49495362,30.10897501
0,2.354360082,21.25052933,9.273507768
0,12.28881721,82.7610517,33.18568235
0,11.36891302,20.46265939,20.16307767
0,10.12737771,59.30654794,26.75032994
0,12.86393267,16.80732471,20.87732091
0,11.6839475,52.32890573,28.26305029
0,12.67528347,29.36653276,24.70047216
0,6.288664095,16.08552926,12.51506678
0,11.26186749,16.56698702,19.24840427
0,9.249207563,16.48681701,17.22721837
0,4.291737357,36.82243923,14.11024358
1,10.36446345,53.09946026,26.69840666
0,1.417775541,28.86721238,7.625457638
0,0.812271281,37.31260594,6.534970859
0,0.812271281,36.52054898,6.475379041
1,0.812271281,35.12178038,6.367874129
0,10.24661915,17.12737839,18.41243057
1,9.249207563,45.50083031,23.96988845
0,12.28881721,46.79838943,28.0525629
0,6.288664095,57.30415878,20.98871133
0,10.93422401,66.11263635,29.02078886
0,12.86393267,16.6070612,20.70957526
0,0.812271281,37.12413925,6.520872796
1,10.93422401,40.54311009,24.91377301
0,3.098700364,21.09313382,10.59986695
1,7.510676277,48.13012416,21.64762242
1,10.48095561,75.9009476,29.77620017
0,12.1901866,79.74546162,32.88875542
0,1.918881261,64.95816042,12.0176159
0,0.812271281,35.68935534,6.411853808
0,12.95716928,20.30481393,22.18764174
0,0.812271281,36.82243923,6.498198878
0,10.82273494,72.18440483,29.40083816
0,9.635448939,16.80732471,17.56503398
0,12.95716928,55.44253063,30.2470026
0,9.884510807,66.90542702,27.44150126
0,12.95716928,86.61561805,34.65549582
0,10.36446345,73.18645082,29.44477984
0,12.95716928,68.41691429,32.37954998
0,1.918881261,17.64652093,7.555457053
0,0.812271281,55.00380002,7.679743988
0,1.417775541,66.5811925,10.47944325
0,7.510676277,36.14291595,19.63757482
0,7.980002464,47.76048728,22.55951225
1,8.846132431,76.97036199,27.61552152
0,7.670188277,44.23759886,21.14740065
0,7.181531261,55.18663734,22.07935937
0,12.48362455,47.90836851,28.25376725
0,5.692092909,56.90303362,19.83018785
0,7.011477857,44.49790137,20.47713398
0,5.261241353,25.77943257,14.30115431
0,0.812271281,17.84588642,4.691284615
1,0.812271281,36.48279923,6.472516191
1,2.354360082,40.88001416,11.32417388
0,5.692092909,54.30858623,19.25219974
0,10.24661915,35.61371898,23.1741028
0,12.57983865,66.94144551,31.66517187
0,9.249207563,54.93065188,25.17039155
1,8.130622519,40.46821326,21.35918071
1,2.743799084,61.4849991,13.82946482
0,5.896996055,70.14115078,21.70748179
0,2.354360082,16.96740771,7.944454003
0,4.797235578,17.16735364,12.23253513
0,12.95716928,69.88990726,32.49404906
0,1.918881261,70.8944616,12.32729679
0,11.36891302,72.6497745,30.44154042
0,9.635448939,20.89626489,18.56438566
0,9.508451863,29.55840599,20.72971093
0,3.426487989,61.15861916,15.77925872
0,12.67528347,17.00741087,20.80372804
0,3.426487989,17.56672777,10.12762886
0,2.743799084,25.31390749,10.51773409
0,12.95716928,80.9527484,34.12587866
0,10.00669167,17.44698728,17.96558862
0,12.28881721,73.40103529,32.0741015
0,1.918881261,51.00589693,10.6679872
0,7.181531261,40.99226786,20.20122065
0,10.00669167,65.71596371,28.064014
1,12.95716928,68.81234802,32.36514452
0,7.181531261,43.86553252,20.57277865
0,0.812271281,40.84259098,6.790191862
0,6.837452733,17.40706019,14.84668124
0,12.76997601,66.54515886,31.74011057
0,7.347857226,47.87140152,20.8274372
0,9.116820699,16.88738032,17.01555726
1,6.837452733,66.11263635,23.01446245
0,11.6839475,56.50168867,28.74050433
0,10.59613826,76.47144725,30.00464946
0,10.36446345,81.83956161,30.43192857
0,8.278574712,16.68718803,16.50699856
0,0.812271281,63.00633707,8.111727418
0,1.918881261,17.44698728,7.956080702
0,11.04455392,84.99059064,31.55265964
0,0.812271281,17.20732196,4.610576329
0,6.47636832,16.80732471,14.25923735
0,1.918881261,61.59376243,12.00537806
0,10.82273494,16.92739754,18.76721603
0,10.82273494,47.98229587,26.44008619
0,5.033832265,16.68718803,12.30414535
0,0.812271281,17.76616027,4.681317145
0,0.812271281,17.88573952,4.696255671
0,12.09071189,56.06360505,29.46941661
0,1.918881261,43.64217575,10.97346934
0,10.24661915,16.40661803,18.23699027
0,0.812271281,40.01860699,6.732056438
0,3.732277839,21.40783707,11.4679914
0,12.86393267,17.44698728,21.24703998
0,11.26186749,69.74630794,30.39818195
0,12.76997601,69.63859332,32.41365057
0,1.417775541,62.78917963,10.34583478
0,12.48362455,79.88756907,33.11468069
0,12.28881721,70.78688413,31.75397684
0,5.261241353,40.3183875,16.58433423
0,6.47636832,73.40103529,22.85500071
0,0.812271281,58.87011724,7.893680634
0,0.812271281,58.94287311,7.897609093
0,10.59613826,73.32951258,29.53887047
0,12.95716928,77.54024138,33.61676773
0,10.24661915,42.48674698,24.60550751
0,7.181531261,65.75203255,23.3131749
0,2.743799084,28.21325717,10.43752852
0,8.566979552,68.45287015,25.79222663
0,9.760782001,47.72351143,24.49250991
0,7.011477857,76.57837889,24.10127313
0,3.732277839,55.47907932,15.62319114
0,12.38662351,43.75386515,27.19661505
0,7.181531261,39.83115631,19.91095557
1,7.181531261,43.75386515,20.30508986
0,12.67528347,61.23115972,30.82931734
0,11.04455392,76.82784075,30.57040653
0,11.78701308,42.85972799,26.66264837
0,3.426487989,63.04252431,15.82802408
0,6.47636832,16.52690563,14.45372438
0,7.011477857,66.29288077,22.68403308
0,12.95716928,62.82537659,31.42626249
0,4.550327176,58.57902376,17.70884811
0,6.659184132,16.72724072,13.97031395
1,0.812271281,72.00535425,8.55296634
1,8.278574712,69.9616983,25.67798356
0,11.47492333,54.78433292,28.13069456
0,10.12737771,17.04740702,18.10126001
0,4.291737357,73.22221831,18.90784192
0,11.57992601,78.10979396,31.66923657
0,5.261241353,17.00741087,12.3518852
0,7.670188277,62.86157193,23.82326171
0,5.261241353,70.10526315,20.15000061
0,4.797235578,24.3030186,12.94357856
0,12.67528347,71.82626894,32.43109788
0,7.347857226,68.84828775,23.99217379
1,11.57992601,82.90274805,32.27040285
0,8.846132431,37.42565078,21.9061342
1,5.692092909,65.67989333,20.5803737
0,10.12737771,61.33995803,27.49952847
0,5.896996055,64.8137391,20.4831878
0,0.812271281,36.93559894,6.50671858
0,6.837452733,16.72724072,14.33185998
1,0.812271281,54.93065188,7.675594564
0,12.48362455,53.39277613,29.56403822
0,12.48362455,80.6333102,32.88361575
0,1.417775541,36.10513601,8.670279825
0,7.011477857,58.57902376,22.09479944
1,4.019769102,58.97924842,16.33561369
0,2.743799084,17.16735364,9.301825218
0,11.15375786,36.55829572,24.60771291
0,11.47492333,73.22221831,31.00600879
0,7.181531261,69.35129078,23.696989
0,10.59613826,76.93473361,30.12646066
0,2.743799084,38.02811517,11.60972114
0,1.417775541,62.39090565,10.81176963
0,2.354360082,67.37354991,13.3737595
0,12.76997601,61.70251082,31.43142531
0,2.743799084,59.27018827,13.57909816
0,11.04455392,66.36496784,29.54282384
0,10.36446345,75.72259791,29.39031518
0,8.278574712,17.12737839,15.93646934
0,5.033832265,48.94255475,17.18880796
0,7.826575027,40.0935683,20.852416
0,4.291737357,66.90542702,17.74296144
0,9.249207563,17.36712626,17.14158093
0,0.812271281,36.63378023,6.483953719
0,12.48362455,79.53226335,33.32448582
0,10.93422401,58.90649605,28.07010233
0,11.99037249,82.40672779,33.03243424
0,5.692092909,66.76133794,20.53400508
1,2.743799084,62.97014821,13.74877003
0,4.797235578,73.54406442,19.77808964
0,12.95716928,88.5554654,35.12058064
1,12.86393267,80.704305,33.77520144
0,7.181531261,17.16735364,14.69675457
0,5.48039866,16.72724072,13.24611251
0,12.48362455,69.88990726,31.92830898
0,1.417775541,48.31486011,9.749099127
0,2.743799084,21.05377114,9.510079412
0,5.48039866,68.12921426,20.76443853
0,0.812271281,17.20732196,4.610576329
0,9.635448939,47.83443232,24.75579273
0,9.884510807,50.52749272,25.38865954
1,0.812271281,58.10575668,7.852198103
1,0.812271281,55.40598007,7.702488215
0,7.510676277,70.03348359,24.31291729
0,6.837452733,61.77500147,22.17121588
0,12.86393267,69.85400959,32.43966831
0,3.426487989,16.6070612,10.47724614
1,7.826575027,50.89552694,22.68114407
1,5.692092909,54.71116206,19.03008732
0,3.426487989,16.6471282,9.592904551
0,12.67528347,84.0710243,33.86886609
0,0.812271281,20.77807656,5.038373139
0,1.918881261,60.36022922,11.30183416
1,6.659184132,74.33033802,23.25060553
0,12.67528347,66.1486883,31.64467417
0,12.86393267,38.36667806,26.99454498
0,12.67528347,16.56698702,20.56218003
0,10.48095561,79.35456403,30.13388407
0,10.36446345,64.66929271,28.4810909
0,1.417775541,39.71865328,8.96782132
0,10.12737771,82.61933639,30.16640355
0,10.82273494,62.97014821,28.52295634
0,6.837452733,61.66626302,22.21850115
0,12.95716928,67.04949193,32.17889718
0,9.116820699,71.57549096,27.0811116
0,12.86393267,69.71040451,32.32575132
0,3.426487989,39.19331307,13.35835641
0,12.38662351,21.13249097,21.99063645
0,10.82273494,59.63370708,28.27973991
0,8.130622519,16.68718803,16.09885993
0,8.707660582,66.11263635,25.81281246
0,12.1901866,20.85687439,21.3059331
1,12.28881721,78.85684031,32.98676825
0,10.36446345,77.14848457,29.64002964
0,0.812271281,73.47255257,8.621103886
0,10.59613826,47.42762468,25.9104781
0,12.48362455,72.39921982,32.29308213
0,9.379727268,16.52690563,17.39341657
0,5.261241353,16.96740771,12.58241057
1,9.884510807,82.40672779,29.51447627
1,11.36891302,77.36218931,31.21384404
0,5.261241353,46.94650337,17.34926045
0,0.812271281,55.95404267,7.733293816
0,5.692092909,44.53507783,17.91894977
0,12.76997601,80.91726014,33.99499049
1,12.95716928,65.21083763,31.81595233
0,7.011477857,58.83373669,22.06563368
0,6.659184132,20.77807656,14.80217476
0,0.812271281,17.16735364,4.605457051
0,0.812271281,54.78433292,7.6672826
1,8.423987519,71.75462507,25.90196664
0,5.896996055,62.86157193,20.81044496
0,2.354360082,27.75094639,9.831559903
0,8.982489749,44.49790137,22.94420717
0,10.71005189,32.38736629,22.91345378
0,10.48095561,24.53657915,20.90923376
0,10.71005189,17.16735364,18.61515692
0,12.95716928,61.91996291,31.55444025
0,4.291737357,20.85687439,11.62289708
0,6.095686027,16.76728627,13.98537819
0,0.812271281,62.20980667,8.070549118
0,0.812271281,16.48681701,4.51701447
0,4.019769102,72.36342078,17.61496782
0,1.417775541,69.99759166,10.67960164
0,9.508451863,61.41248189,26.3951896
0,12.67528347,76.25754895,33.05410864
0,9.116820699,76.04360379,27.83491421
0,6.095686027,62.64437554,20.83636671
1,4.550327176,55.11350806,17.7683608
0,3.732277839,66.00447134,16.25461448
0,1.918881261,58.79735438,11.93136377
0,11.26186749,47.20561586,26.46905468
0,8.566979552,71.86208878,26.30914462
0,10.24661915,36.36953196,23.70943444
0,8.707660582,21.87924069,18.67085304
0,1.918881261,17.20732196,7.505916361
0,8.130622519,18.04508578,16.91103111
0,8.566979552,47.16860654,22.98377034
0,10.12737771,73.04336724,29.07888513
0,9.508451863,49.01636005,25.14134005
0,12.86393267,89.82338192,35.12046385
0,0.812271281,43.41873064,6.966754734
0,12.95716928,50.89552694,29.37968916
0,6.837452733,62.35468913,22.39883547
0,10.24661915,17.20732196,17.83980004
0,11.26186749,17.84588642,19.91045639
0,0.812271281,17.40706019,4.63603837
0,4.797235578,59.23382687,17.89730007
0,8.278574712,62.57196373,24.51479971
0,2.743799084,20.97502915,8.776522647
0,12.48362455,58.97924842,30.61849367
0,0.812271281,35.99177795,6.435086511
0,9.508451863,34.40183789,22.11790911
0,9.635448939,58.28781781,26.13801156
0,0.812271281,58.83373669,7.891714965
0,10.82273494,72.9002618,29.94294735
0,9.760782001,38.78016521,23.25739025
0,7.011477857,16.76728627,14.48742402
1,0.812271281,55.36942764,7.700425958
0,0.812271281,17.16735364,4.605457051
0,11.36891302,81.30756431,31.68234167
0,5.48039866,70.17703697,20.94014487
0,4.797235578,21.32919413,12.99716631
0,11.15375786,54.93065188,28.08352659
0,3.426487989,52.65925042,14.70964209
0,8.566979552,66.68928431,25.41212158
0,5.692092909,17.16735364,13.37247745
0,6.659184132,51.18980579,20.51872299
1,8.130622519,58.50623284,23.75085413
0,1.918881261,40.54311009,10.07417861
0,4.550327176,57.08539038,17.66055458
0,11.99037249,87.28612747,33.44810693
0,6.095686027,16.24613253,13.46723438
0,3.098700364,16.68718803,9.592904551
0,10.24661915,77.39780228,29.64950442
0,6.659184132,65.21083763,22.19832133
0,12.57983865,20.34428392,21.23810712
0,0.812271281,40.24345853,6.748004018
0,7.347857226,58.32422472,22.4252583
0,7.181531261,16.84735605,15.10886654
0,8.130622519,65.86022983,25.07751653
0,1.417775541,62.64437554,10.87301708
0,10.82273494,81.44945677,31.06123358
0,11.47492333,65.49951826,29.95678604
0,5.48039866,21.05377114,13.71800129
0,12.95716928,64.92205744,31.98932991
0,1.417775541,59.19746374,10.37509591
0,7.826575027,74.18742764,25.24450913
1,7.980002464,75.54421543,26.08898393
0,12.76997601,77.39780228,33.26255671
0,5.033832265,17.20732196,12.4257588
1,11.6839475,72.36342078,31.03717
1,5.033832265,73.22221831,20.02618972
1,3.426487989,58.17858645,15.39102399
0,11.99037249,62.97014821,30.20325885
0,6.659184132,47.7974609,20.14684931
0,1.417775541,48.2409723,9.113002027
0,0.812271281,35.61371898,6.406021583
0,2.354360082,66.61722462,12.92975714
0,6.288664095,17.24728336,13.89148964
0,8.130622519,65.96841326,24.88409542
0,12.48362455,16.56698702,20.27124929
1,12.95716928,78.5011732,33.99021621
0,11.04455392,16.96740771,19.39376049
0,2.743799084,16.68718803,8.75100658
1,12.86393267,73.40103529,32.86867092
0,10.71005189,65.24692814,28.68021529
0,11.36891302,78.89240012,31.65135702
0,1.417775541,40.3183875,9.049232544
1,1.417775541,68.41691429,10.77362394
0,7.181531261,43.7166378,20.52497815
0,10.24661915,17.00741087,17.94857523
0,12.86393267,88.13251185,35.22185787
0,7.980002464,25.85695772,18.34780203
0,12.67528347,20.58098339,22.12463807
0,12.86393267,65.2830171,31.7783187
1,0.812271281,70.39232415,8.476899645
1,11.36891302,66.32892507,29.91957899
0,11.36891302,18.0052591,20.05075926
0,0.812271281,61.88372503,8.053583002
0,7.826575027,21.44715037,16.61031011
0,6.288664095,17.20732196,13.87442246
0,12.38662351,50.45386098,28.87738377
0,5.896996055,49.05325947,19.18141195
0,10.93422401,21.60434939,20.56056601
0,6.288664095,46.27970407,19.0409541
0,8.982489749,66.47308702,26.08746385
1,3.426487989,55.04037125,14.80623367
0,12.95716928,80.10069323,33.97390668
0,12.48362455,84.63700376,33.90307769
1,8.707660582,76.50709243,26.91381033
1,11.47492333,73.22221831,30.94490617
0,3.426487989,66.76133794,15.91808789
1,0.812271281,77.18410523,8.789224361
0,3.732277839,16.68718803,10.384064
0,12.67528347,79.46118735,33.30790699
0,10.71005189,79.74546162,30.62427099
0,4.291737357,16.6471282,11.65700168
0,4.797235578,21.21118871,12.44765522
0,5.261241353,66.79736248,19.76259764
0,12.76997601,40.056089,26.97689005
1,12.1901866,82.97358912,33.41864614
0,12.38662351,69.38720866,31.781358
0,12.86393267,63.69361919,31.84349653
1,6.47636832,69.4231251,21.85238404
0,12.95716928,61.77500147,31.46485164
0,12.86393267,50.60111614,29.31403427
0,9.249207563,77.43341397,28.25995682
0,7.826575027,69.4231251,25.08115873
1,5.896996055,59.67004947,20.02495929
0,8.566979552,31.92994386,20.38885277
0,7.011477857,28.48267137,17.62706253
0,11.57992601,16.68718803,19.38710203
1,12.76997601,79.78099034,33.73174957
0,2.354360082,55.33287333,12.73409155
0,10.12737771,17.3271855,18.36606308
0,4.291737357,54.9672269,17.11640936
0,8.982489749,16.6070612,17.22012081
0,11.15375786,54.89407498,28.10750217
0,7.011477857,47.3906288,20.8699905
0,9.635448939,61.04979577,26.60052696
1,2.743799084,56.0270861,13.74816823
0,7.670188277,37.04873198,20.08869626
0,0.812271281,73.65132201,8.629339276
0,12.48362455,29.32814664,24.85490089
1,12.95716928,69.13575299,32.50408012
0,11.36891302,20.97502915,21.10967965
0,10.00669167,20.89626489,18.86267463
1,12.38662351,77.18410523,32.84583688
0,8.707660582,50.85873283,23.44686622
0,12.67528347,80.42029649,33.589732
0,0.812271281,78.35887114,8.841228456
0,9.508451863,16.76728627,17.7389952
0,8.130622519,43.49322219,21.61224147
0,4.550327176,55.33287333,17.73271095
0,5.48039866,17.12737839,12.85103263
0,4.550327176,54.49160386,16.91362606
0,12.1901866,16.88738032,20.51802768
1,12.95716928,58.17858645,30.83638987
1,12.95716928,71.6471488,32.90742105
0,0.812271281,41.06709048,6.80588716
0,5.48039866,51.74122596,18.84213457
0,11.78701308,62.64437554,29.95971132
0,11.36891302,42.18818017,26.12830056
0,3.732277839,17.72628719,10.39525092
0,1.918881261,62.31847097,11.51028583
0,10.59613826,41.77738409,24.96336757
0,1.417775541,62.39090565,10.03339227
0,3.098700364,75.29442471,15.74772106
0,12.76997601,87.21556655,34.19355541
0,4.797235578,85.8034051,20.73806771
1,10.93422401,79.78099034,31.03288513
0,12.95716928,86.29786682,34.70114733
0,9.508451863,17.52682106,17.71946337
0,0.812271281,55.6252554,7.71483923
1,1.918881261,67.19353273,11.57088089
1,9.508451863,70.57169091,27.65975986
0,0.812271281,40.056089,6.734719242
0,8.130622519,16.88738032,15.82802408
0,7.011477857,76.50709243,24.22000938
0,0.812271281,58.25140912,7.860132683
1,10.00669167,79.56779949,29.31919197
0,12.28881721,83.1152571,33.19008975
1,3.426487989,38.81773806,13.35964155
1,12.95716928,21.09313382,22.39603977
1,3.732277839,76.72093628,18.23946364
0,5.692092909,51.44719222,19.03036614
1,12.38662351,76.25754895,33.02762788
0,0.812271281,56.10012214,7.741468358
0,1.918881261,44.57225188,10.30274849
0,11.04455392,72.25601536,30.27817216
1,3.732277839,50.85873283,15.87169828
1,12.67528347,82.58390459,33.69121297
0,2.743799084,66.07658288,14.30939397
0,12.95716928,81.91047414,34.02378955
0,5.033832265,39.23085528,16.30332846
0,2.354360082,66.32892507,13.1142714
0,11.15375786,70.39232415,30.1669259
0,12.95716928,66.54515886,32.07120858
0,4.797235578,81.37851296,20.12524233
0,0.812271281,21.13249097,5.077986529
1,0.812271281,36.55829572,6.478239576
0,11.15375786,83.96487005,31.68111607
0,12.67528347,61.66626302,30.93447428
0,10.48095561,44.27479217,25.08619955
0,10.48095561,78.92795869,30.29256307
0,3.732277839,69.63859332,17.14337552
0,12.86393267,70.35644652,32.70407264
0,1.417775541,38.51707654,8.515949021
0,12.48362455,77.25534271,32.90478596
0,8.707660582,74.97317011,27.06901893
0,1.918881261,54.85749619,11.18293894
0,4.019769102,51.74122596,15.97095954
0,12.86393267,79.92309284,33.65231246
0,11.47492333,69.78220993,30.6190799
0,12.95716928,50.34339775,29.26119648
1,10.48095561,79.81651782,30.34497789
0,6.095686027,17.12737839,14.10173312
0,9.884510807,79.67440049,29.23676239
0,12.95716928,71.7904477,32.84332816
0,8.846132431,57.48641621,25.18024132
0,2.354360082,17.60662772,7.802247253
0,10.59613826,21.21118871,19.91719276
0,12.86393267,76.97036199,33.31079475
0,4.550327176,69.88990726,18.90019052
0,12.09071189,69.02796446,31.21965647
1,12.28881721,73.36527462,32.17669088
0,10.59613826,17.40706019,18.92538329
0,7.980002464,75.61557236,25.90764174
1,5.48039866,64.452576,20.14660685
0,2.354360082,17.00741087,8.18006187
0,12.95716928,83.1152571,34.29139566
1,7.510676277,66.36496784,23.3743196
1,8.846132431,78.07420645,27.16663015
0,11.47492333,72.82870086,31.01297657
0,7.826575027,50.85873283,22.44159396
0,7.347857226,22.42824592,17.0697883
0,10.36446345,52.07185915,26.1327158
0,11.47492333,51.44719222,27.69078156
1,5.692092909,65.89629251,20.76691358
0,2.743799084,44.49790137,12.44237776
0,5.896996055,55.25975909,19.92915472
1,11.36891302,79.99413669,31.08033668
0,12.95716928,17.00741087,20.45380879
1,6.659184132,72.50660867,23.05667009
0,10.48095561,36.40729073,23.7975343
0,12.57983865,87.18028442,34.35833996
0,8.130622519,81.16565249,26.60221407
0,1.918881261,37.23722807,9.633763556
1,5.261241353,32.38736629,16.76455001
0,2.354360082,17.08739619,8.274223128
0,12.86393267,73.5798183,33.0650003
0,3.732277839,20.54154776,11.26062584
0,11.88914699,27.71239412,23.54091451
0,12.95716928,69.78220993,32.67055122
0,2.743799084,65.13865193,14.35642455
0,10.59613826,53.06278695,26.82855855
0,3.732277839,16.80732471,10.55464718
0,1.918881261,62.4995454,12.12333693
0,4.019769102,16.72724072,11.13594956
0,12.48362455,43.3069748,28.01275796
0,10.24661915,36.55829572,23.36812273
0,12.48362455,58.68819696,30.3388035
0,11.26186749,16.80732471,19.55191126
0,8.566979552,56.97598176,24.5691197
0,11.99037249,17.08739619,20.17371762
0,0.812271281,37.12413925,6.520872796
0,10.59613826,32.0062156,22.57414384
0,0.812271281,36.21846673,6.452411068
0,5.261241353,64.16353208,19.7831625
1,6.095686027,72.25601536,22.22287375
1,0.812271281,55.0769406,7.683889054
0,0.812271281,66.25683494,8.276013089
0,12.95716928,88.7668829,35.18093969
0,12.1901866,76.07926458,32.64735094
0,12.67528347,85.52075558,34.31240329
0,0.812271281,21.56505775,5.125717685
0,12.86393267,69.67449964,32.27047584
0,12.38662351,39.71865328,26.69804849
0,1.417775541,16.56698702,6.774428688
1,12.86393267,83.50474687,34.43325041
0,4.550327176,48.53647109,17.04363422
0,10.36446345,44.12600444,25.16067089
0,8.846132431,55.18663734,24.4774724
1,8.423987519,81.13017151,27.32122713
0,11.78701308,79.2834756,31.7982123
0,4.550327176,16.6471282,11.67353751
0,7.980002464,32.23494747,19.2470483
0,6.659184132,21.83998653,15.73277643
1,10.48095561,70.21292174,29.08252412
0,1.918881261,24.65329614,8.434040514
0,9.884510807,40.3183875,23.71104952
0,2.743799084,80.38478993,15.59809289
0,0.812271281,44.23759886,7.02131968
0,12.86393267,66.18473871,32.2902404
0,3.732277839,16.88738032,10.35936182
0,3.732277839,47.0575651,14.48422235
0,6.47636832,69.9616983,22.36410677
0,8.566979552,79.24792952,27.19957472
0,12.86393267,61.55750965,31.14755765
1,8.278574712,69.9616983,25.65249268
1,9.249207563,73.04336724,27.47870606
0,0.812271281,68.27307608,8.375041457
0,1.417775541,25.11974735,7.40934461
0,4.797235578,40.056089,16.1705854
0,4.019769102,71.61132058,17.99886074
1,4.550327176,43.56770389,16.03815548
0,3.098700364,16.80732471,9.120357823
0,12.86393267,65.71596371,31.91321255
0,9.760782001,72.6497745,28.19188555
0,3.732277839,72.47081376,17.38023272
0,2.743799084,73.93728276,15.24626327
0,1.417775541,55.47907932,9.921235878
0,10.12737771,17.72628719,18.13738209
0,7.826575027,47.61257059,21.98458558
0,9.884510807,62.57196373,27.04340574
0,11.78701308,65.82416561,30.20143622
0,9.760782001,27.67383776,21.00709813
0,3.426487989,39.90614473,12.89436078
0,7.347857226,17.20732196,15.20301229
1,9.508451863,72.72134916,27.58724455
0,7.670188277,76.97036199,25.21443121
0,4.291737357,29.36653276,13.96334863
1,7.670188277,66.90542702,24.43117076
0,4.550327176,43.00885012,16.44862454
0,2.354360082,31.51019887,10.26960678
0,12.57983865,32.53973018,25.54840726
1,0.812271281,55.00380002,7.679743988
0,6.095686027,17.12737839,14.16049756
0,11.47492333,85.8034051,32.52719223
0,7.510676277,17.28723787,15.23488429
0,5.896996055,29.28975669,16.40491747
0,0.812271281,29.48166814,5.900987001
0,9.249207563,76.07926458,27.88317395
1,11.6839475,64.3803245,30.05873167
0,8.130622519,44.3863576,21.87376547
1,1.417775541,20.58098339,6.607395352
1,10.71005189,21.17184259,20.37613021
0,4.019769102,40.76773668,14.76603794
0,1.918881261,16.76728627,7.269019104
0,5.261241353,47.46461832,17.70320251
1,8.278574712,57.55930661,23.46644829
0,3.426487989,48.64724718,14.5087268
0,3.732277839,78.99907206,17.85087995
0,5.896996055,16.96740771,13.22182432
0,8.423987519,16.6070612,16.62847447
1,1.417775541,63.33196411,10.41532285
1,3.426487989,65.71596371,15.56523233
0,12.95716928,83.3985365,34.41231396
1,8.278574712,76.57837889,26.54118315
0,7.670188277,58.17858645,23.05181656
0,6.095686027,69.45904008,21.35855124
0,3.426487989,58.54262918,15.03539025
1,5.261241353,80.06517562,21.3755306
0,4.550327176,47.35363069,16.69531343
0,12.95716928,84.03564071,34.6221229
0,7.826575027,80.9527484,25.68391776
1,5.48039866,58.03291983,19.5197455
1,2.354360082,58.21499867,12.73767084
0,12.86393267,20.65983763,22.1282888
0,2.743799084,68.99203204,14.74661236
0,10.36446345,20.65983763,19.65768924
1,11.47492333,69.9258035,30.56872453
1,10.71005189,80.2072387,30.50716557
0,3.732277839,17.40706019,10.4097556
0,10.48095561,16.68718803,18.08202863
0,12.76997601,16.80732471,20.54047991
0,0.812271281,55.29631715,7.696298216
0,3.732277839,66.32892507,16.51092509
0,0.812271281,60.17866275,7.96381329
0,0.812271281,28.98249827,5.856731905
0,11.78701308,17.48690757,19.88420599
0,10.59613826,75.15165812,30.08462594
0,2.354360082,39.0806698,11.20484773
0,7.980002464,17.04740702,16.02173504
0,12.48362455,21.21118871,22.18191524
0,11.04455392,75.47285324,30.4838066
0,12.48362455,55.6252554,29.65442092
0,3.098700364,16.92739754,9.339773225
0,10.36446345,81.13017151,29.96334473
0,11.04455392,76.25754895,30.94034335
0,12.67528347,65.64382141,31.65926412
0,1.918881261,66.61722462,11.97835704
0,2.354360082,36.06735304,11.56733573
0,11.36891302,59.23382687,28.8707504
1,11.6839475,72.22021079,31.18314254
1,11.88914699,21.01440292,21.25044052
0,1.417775541,36.40729073,8.423689023
1,10.24661915,77.11286262,29.40428161
0,4.797235578,17.44698728,12.15044385
0,5.261241353,62.57196373,19.18851948
0,7.826575027,69.78220993,24.74985466
0,7.181531261,47.9453333,20.9871773
0,8.278574712,44.08880145,22.1148313
0,12.57983865,61.12234637,30.79125035
0,9.379727268,77.00598907,28.1326772
0,9.760782001,17.3271855,17.99662593
0,5.033832265,43.49322219,16.87348341
0,3.098700364,69.99759166,15.24436816
0,8.846132431,58.87011724,25.11052728
0,9.249207563,17.24728336,17.6357852
0,6.095686027,17.08739619,13.94939399
0,2.354360082,16.72724072,8.549614455
0,7.670188277,43.00885012,20.76106229
0,9.635448939,55.11350806,25.80747459
0,10.71005189,58.97924842,28.40115601
0,12.95716928,17.3271855,20.59990488
0,12.76997601,21.83998653,22.64060065
0,10.00669167,17.52682106,18.34658306
0,1.417775541,59.12473226,10.97545816
0,8.707660582,17.12737839,16.68651492
1,12.95716928,20.46265939,22.3541862
0,12.86393267,20.62041335,22.49355827
0,12.1901866,84.0710243,33.36252822
0,12.95716928,21.21118871,22.58528448
0,0.812271281,58.06933914,7.850212
1,7.980002464,69.53086571,25.1680317
0,7.011477857,54.05228107,22.01343622
0,10.93422401,16.40661803,19.09367963
1,7.347857226,69.24352842,23.76948979
0,12.1901866,87.32140626,33.7118552
1,5.692092909,74.04449579,21.58162445
1,0.812271281,54.60139153,7.656867942
0,7.181531261,76.36450395,24.44254272
0,1.417775541,70.49994848,10.60950322
0,8.707660582,65.67989333,25.66293459
1,8.982489749,66.04052787,26.40968582
0,11.04455392,61.33995803,28.23052512
0,10.36446345,17.24728336,18.01894393
0,12.95716928,16.96740771,21.36819796
0,12.95716928,75.00887036,33.25824198
0,0.812271281,16.56698702,4.527561336
0,4.019769102,64.63317719,17.55859877
0,3.732277839,62.31847097,16.66504612
1,10.12737771,49.60649384,25.53543734
0,3.426487989,76.89910395,16.93398194
0,12.86393267,20.58098339,21.9828281
1,9.635448939,77.39780228,28.38199904
0,12.48362455,40.84259098,26.7689639
0,12.67528347,81.73318382,33.68977915
1,12.76997601,71.03787844,32.54069606
0,7.347857226,21.25052933,16.64235572
0,12.95716928,86.12129884,34.74916335
0,8.707660582,33.03453692,20.46781178
0,12.28881721,21.80072704,21.87771928
0,12.76997601,85.09664426,34.29929304
0,12.95716928,43.00885012,28.25118723
0,8.846132431,56.50168867,24.70891398
0,5.033832265,75.29442471,20.00943996
0,4.797235578,61.41248189,18.04024307
0,11.99037249,55.51562614,28.87514057
0,7.347857226,59.45196928,23.12297507
0,10.93422401,31.92994386,23.08556472
1,3.732277839,54.93065188,15.70587991
0,1.417775541,17.08739619,5.748757804
0,11.36891302,17.08739619,19.28681667
0,4.797235578,16.6070612,11.68482186
0,10.36446345,22.50659189,20.11039998
1,1.417775541,16.40661803,5.987779982
0,6.095686027,40.16851881,18.14082814
0,3.732277839,47.61257059,15.00792658
0,10.12737771,65.53559637,27.74736905
0,1.918881261,36.74698457,9.92740028
0,9.249207563,17.08739619,16.65659389
0,12.95716928,87.63886527,35.0592417
0,10.24661915,72.11278876,28.66113971
0,12.86393267,75.9009476,33.35235906
0,12.38662351,40.58055451,26.96374573
1,7.347857226,80.84627996,25.16400477
0,6.095686027,63.69361919,20.91984461
0,5.033832265,21.01440292,13.25789194
0,12.28881721,70.57169091,31.78910478
0,11.78701308,73.5798183,31.44869677
0,5.48039866,16.52690563,12.50985277
0,12.95716928,20.89626489,22.69648138
0,8.130622519,72.36342078,25.73402087
0,9.760782001,76.89910395,28.95328841
0,12.86393267,21.01440292,22.25739863
0,0.812271281,43.7166378,6.986689422
1,9.379727268,73.50830917,27.84445485
0,8.846132431,16.44672115,16.17470842
0,11.04455392,82.47760208,31.74521703
0,0.812271281,72.75713444,8.588002339
1,8.278574712,75.82961165,25.85100648
0,10.48095561,17.16735364,18.68602601
1,8.130622519,77.54024138,26.013594
0,4.291737357,17.04740702,11.1609363
0,4.797235578,80.38478993,20.23031188
1,11.47492333,54.85749619,28.35504119
0,11.57992601,51.48395354,27.91398577
0,9.116820699,16.88738032,17.6260554
0,10.00669167,16.72724072,17.4006921
0,7.670188277,17.08739619,15.61871626
0,3.732277839,39.71865328,14.17397912
1,1.918881261,59.37926207,11.75972964
1,7.347857226,68.30903785,23.78103822
0,11.47492333,77.04161488,31.24200396
0,4.797235578,16.6070612,12.00129262
0,11.99037249,17.28723787,20.32812661
0,12.28881721,82.05228481,33.38070533
0,12.86393267,62.57196373,31.32206342
0,6.659184132,46.76135529,19.93612439
0,12.86393267,83.43394113,34.37145263
0,3.426487989,58.72458452,15.36409501
0,12.95716928,57.1583204,30.6782227
0,0.812271281,55.04037125,7.681817065
0,12.95716928,75.65124886,33.44279175
0,12.1901866,84.74309193,33.62423838
0,12.95716928,87.18028442,35.14275195
0,7.980002464,77.00598907,25.76623904
0,5.033832265,17.36712626,12.24192862
0,8.278574712,79.70993167,26.58702017
1,0.812271281,54.78433292,7.6672826
0,3.426487989,28.4057158,12.51581125
0,11.88914699,80.56231052,32.26193298
0,9.379727268,25.00319663,19.50610783
0,4.291737357,55.18663734,17.10342941
0,5.261241353,62.57196373,19.53623686
0,0.812271281,62.39090565,8.079944334
0,12.48362455,72.57819434,32.34927181
0,12.95716928,70.42820035,32.85482232
0,3.098700364,36.10513601,12.23410182
0,0.812271281,16.72724072,4.548539818
0,7.347857226,16.96740771,15.17960361
1,8.566979552,84.03564071,27.62011769
0,6.095686027,53.75924531,20.34542117
0,12.86393267,61.59376243,31.16732238
1,7.826575027,40.9174347,20.72473807
0,1.417775541,62.64437554,10.95353804
0,5.896996055,52.54915343,19.21606867
0,11.36891302,66.86940702,30.09251435
0,11.78701308,40.20599001,25.85152513
0,8.566979552,21.56505775,17.71150336
0,0.812271281,64.70540666,8.198337323
0,1.417775541,55.47907932,9.90269408
0,12.09071189,65.60774794,30.86439166
1,3.426487989,76.07926458,16.55787129
0,11.26186749,51.1162484,27.53587028
0,12.28881721,76.72093628,32.77981539
0,0.812271281,65.71596371,8.249082189
0,12.09071189,21.21118871,21.49159824
1,12.76997601,85.83873117,34.53541696
0,8.982489749,33.11061043,21.44207594
0,10.93422401,80.17172477,30.94458031
0,6.837452733,43.49322219,19.48534426
0,6.837452733,73.00759293,23.62473877
1,2.743799084,47.53859891,12.64240934
0,10.36446345,66.07658288,28.44190614
0,8.566979552,64.66929271,25.44498395
0,6.095686027,27.63527731,16.02763413
0,0.812271281,16.88738032,4.569366799
0,11.36891302,63.54897639,29.3917126
0,1.417775541,17.04740702,6.22329524
0,8.846132431,47.31663035,23.46727713
0,12.1901866,21.01440292,21.59633411
0,5.48039866,65.39127466,20.35889997
0,7.181531261,69.71040451,23.93163027
0,0.812271281,44.31198306,7.026240648
0,12.76997601,58.87011724,30.9623265
0,0.812271281,69.99759166,8.45809535
0,2.354360082,69.17167959,13.67612008
0,9.379727268,47.09458116,23.83856893
0,7.980002464,52.1085861,22.84063915
0,5.261241353,16.08552926,12.15123908
0,11.88914699,66.90542702,30.52743986
0,5.033832265,41.74002358,16.59830344
0,12.38662351,38.21623418,26.51837054
0,1.417775541,39.60612569,8.444366575
0,11.6839475,83.1152571,32.65909796
0,11.99037249,73.00759293,31.52491007
1,8.566979552,72.00535425,26.21824627
0,12.38662351,61.88372503,30.56249902
0,12.95716928,87.28612747,35.03540219
0,0.812271281,16.84735605,4.564174117
0,6.288664095,73.15068197,22.39361611
0,10.82273494,73.15068197,30.22779299
0,12.09071189,80.45580184,32.87708393
0,7.670188277,17.12737839,15.70499622
0,6.837452733,77.57584796,24.1764442
1,2.354360082,17.08739619,8.482013567
0,9.760782001,17.60662772,17.72973232
0,7.980002464,17.3271855,16.17223491
0,2.354360082,55.00380002,12.32883677
0,8.130622519,16.80732471,16.23544019
0,2.354360082,58.36062988,12.83628206
0,12.86393267,66.18473871,31.88883854
0,10.24661915,32.92040147,22.59075843
0,2.354360082,40.46821326,11.31022285
0,3.426487989,61.99243373,16.06711006
0,12.67528347,80.31377312,33.77934436
0,12.95716928,77.07723939,33.7118552
1,6.288664095,62.1373556,21.12198428
0,7.826575027,70.17703697,25.08283929
0,2.743799084,61.33995803,14.21703419
1,12.95716928,88.48498413,34.88414525
1,3.732277839,62.57196373,15.88676697
0,3.426487989,46.94650337,13.71981559
0,6.837452733,40.01860699,19.06208703
0,12.95716928,16.48681701,20.87265684
0,3.732277839,16.76728627,10.57300041
0,10.93422401,63.25961383,29.05126695
0,12.57983865,31.77735848,25.34006819
0,12.86393267,67.98532876,32.38389003
0,1.417775541,16.92739754,6.826709815
1,8.707660582,74.00875946,26.5499066
0,8.846132431,20.34428392,17.6206817
0,11.88914699,16.32638992,19.57146105
0,0.812271281,35.6515387,6.408938905
0,0.812271281,40.24345853,6.748004018
0,11.04455392,48.05621442,26.80530509
0,12.95716928,21.5257607,22.75094385
0,1.417775541,59.63370708,10.16996259
0,1.918881261,75.68692404,12.72620914
1,5.033832265,77.18410523,20.38461409
1,9.635448939,43.12066552,23.85846305
0,7.181531261,17.36712626,14.959086
0,7.826575027,69.53086571,25.00636415
0,3.732277839,24.41982005,11.49053092
0,0.812271281,17.40706019,4.63603837
0,11.15375786,73.11491176,30.3394897
0,9.635448939,21.21118871,18.76433107
0,6.288664095,36.33177018,17.80088908
0,12.95716928,71.36048387,32.9045779
0,11.99037249,35.42457399,25.06082925
1,11.36891302,56.86655682,28.52013669
0,5.48039866,41.32888702,17.29781158
1,4.291737357,61.70251082,17.49222301
0,8.423987519,16.2059928,16.14413897
0,6.659184132,17.44698728,14.11307777
0,11.99037249,17.00741087,20.08087855
0,1.417775541,20.62041335,6.546209227
0,7.670188277,17.52682106,15.8729912
0,2.743799084,72.93604021,14.75786599
0,7.347857226,48.38873916,21.41230886
0,1.417775541,66.36496784,10.57407789
0,10.59613826,81.34303923,30.5152795
0,12.09071189,82.47760208,32.96973854
0,2.354360082,17.36712626,8.58467799
0,0.812271281,44.12600444,7.01392601
0,4.550327176,17.24728336,11.33623449
1,10.93422401,57.1218563,27.99491424
1,11.78701308,69.06389543,30.72711611
0,12.1901866,79.92309284,33.12020378
0,9.884510807,58.76097033,26.70401636
0,11.88914699,77.43341397,32.41069217
0,0.812271281,35.95398584,6.432190792
1,2.743799084,69.09982494,14.90837365
0,12.38662351,54.05228107,29.22863741
0,12.48362455,84.46016705,33.69492713
0,9.760782001,75.9009476,28.62169218
1,0.812271281,66.61722462,8.293870385
0,8.278574712,17.84588642,16.80493893
0,3.426487989,16.56698702,10.54923613
0,2.354360082,36.06735304,10.67010094
0,8.707660582,60.21497945,25.43404185
0,1.918881261,16.6070612,7.646425677
0,6.288664095,20.89626489,14.46497779
0,8.278574712,29.09774918,19.21851887
0,0.812271281,73.50830917,8.622752235
0,1.918881261,33.64275177,8.989073131
0,10.24661915,16.72724072,17.87623606
0,0.812271281,17.80602668,4.686305118
0,12.67528347,65.46343861,31.61266823
0,2.743799084,17.24728336,9.065633425
0,0.812271281,16.76728627,4.553760666
0,7.510676277,17.56672777,15.98962147
1,4.291737357,28.5596111,13.22248209
0,7.347857226,76.11492406,24.76216126
0,12.1901866,63.00633707,30.45980662
0,8.130622519,53.20946841,23.14788815
0,5.033832265,55.0769406,18.38155043
0,12.1901866,87.25084757,33.79241167
0,10.24661915,65.71596371,28.26439052
0,4.797235578,16.80732471,12.23566808
0,5.48039866,16.84735605,12.77831582
0,5.896996055,71.28880362,21.30698864
0,5.033832265,49.93820483,17.64951911
0,12.48362455,57.88722478,29.99749586
0,7.181531261,24.22512734,16.73153858
0,3.098700364,40.20599001,12.64968268
1,11.04455392,47.64955309,26.644903
1,5.692092909,58.10575668,19.7488585
0,4.291737357,17.04740702,10.89932767
0,5.033832265,58.36062988,18.58804211
0,4.019769102,66.11263635,17.24917639
0,7.347857226,58.10575668,22.66740865
1,3.426487989,35.95398584,12.31187329
0,9.249207563,66.1486883,26.80530509
0,9.884510807,72.39921982,28.56626823
0,2.354360082,75.25873504,14.0383853
0,7.347857226,82.93816918,25.58229039
0,7.670188277,44.79524596,21.5256223
0,12.95716928,21.87924069,22.62262373
0,12.86393267,66.18473871,31.88740768
0,7.181531261,68.70452006,23.39355377
0,10.71005189,83.46934459,31.14539514
0,11.47492333,58.14217245,28.9797964
0,5.48039866,39.30593141,17.09331757
0,2.354360082,62.31847097,13.30542219
0,7.826575027,44.68375967,21.33880464
1,4.019769102,58.28781781,16.21785063
0,11.26186749,69.31537144,30.15751989
0,1.918881261,77.29095952,13.22445495
0,4.291737357,72.97181726,19.0609762
0,11.26186749,16.32638992,18.79341965
0,6.47636832,17.3271855,14.54794708
0,11.99037249,80.91726014,32.86359256
1,8.423987519,80.10069323,26.9334395
0,9.884510807,16.76728627,17.39376319
0,4.019769102,20.30481393,12.2184147
0,11.78701308,47.50160973,27.2369546
0,11.57992601,66.65325523,30.03647768
0,3.426487989,16.6070612,9.803812965
0,1.417775541,74.5446634,10.87403158
1,9.116820699,30.05683314,20.4170552
1,12.28881721,79.39010638,32.9517875
0,9.379727268,16.84735605,17.24457784
0,12.38662351,79.49672597,33.12047647
0,12.57983865,20.65983763,21.88779343
0,11.99037249,39.19331307,26.10012427
0,1.918881261,68.27307608,12.25364795
0,12.95716928,83.3985365,34.75036451
0,9.635448939,17.56672777,18.03262052
0,7.980002464,72.79291833,25.14704589
0,2.354360082,44.05159604,11.56556226
0,11.04455392,20.26533818,20.35535505
1,0.812271281,58.17858645,7.856167357
0,9.635448939,62.17358196,26.87408911
0,9.379727268,17.40706019,17.46790442
0,12.09071189,16.44672115,20.04585128
0,5.48039866,22.07543203,13.83183937
0,5.033832265,35.50024127,15.96543592
0,0.812271281,40.28092436,6.750655149
0,0.812271281,17.40706019,4.63603837
1,3.732277839,54.74774844,15.68951265
0,11.78701308,48.64724718,27.58241466
1,4.797235578,75.25873504,19.12376774
0,9.508451863,55.51562614,25.87807058
0,12.38662351,48.46260949,28.38454844
0,9.760782001,17.24728336,17.90021192
1,12.38662351,50.45386098,28.69995173
0,10.59613826,75.68692404,30.08927199
0,0.812271281,17.44698728,4.641104165
0,9.635448939,17.04740702,17.60588366
0,9.635448939,16.48681701,17.34612103
0,7.011477857,65.42735741,22.92787685
0,1.918881261,21.09313382,8.064901587
0,2.354360082,38.85530812,11.22855628
0,10.93422401,16.92739754,19.18031792
1,2.354360082,76.32885358,13.45270643
0,4.550327176,72.47081376,18.78421533
0,1.417775541,49.20083568,9.162782796
0,7.510676277,61.73875697,23.20126662
0,7.181531261,44.83240329,21.04614693
0,4.797235578,17.28723787,12.00864418
1,11.78701308,75.9009476,31.87075218
0,12.1901866,69.88990726,31.56457698
0,12.38662351,66.5091237,31.21591454
0,11.78701308,61.66626302,29.81333543
0,5.896996055,55.22319915,19.86716018
0,9.760782001,16.52690563,17.98000347
0,0.812271281,40.28092436,6.750655149
0,10.36446345,50.41704199,26.09683407
0,4.291737357,17.48690757,12.10652691
1,12.76997601,68.41691429,32.29847233
1,12.48362455,77.61145327,33.05356038
0,0.812271281,63.65746089,8.145113304
0,3.426487989,54.49160386,14.63713138
0,0.812271281,36.10513601,6.443759426
0,2.354360082,50.38022091,11.66309983
0,12.38662351,83.18608402,33.38023786
0,4.797235578,65.57167293,18.88401275
0,7.181531261,17.40706019,15.38592526
0,7.510676277,66.40100909,23.6367921
0,3.098700364,70.24880508,14.68073752
0,11.47492333,82.26496492,31.79806056
0,5.261241353,66.65325523,20.03553488
0,9.760782001,19.39538675,18.86637745
0,7.347857226,72.82870086,24.31382668
0,12.1901866,16.6070612,19.98672349
0,6.837452733,65.93235365,22.7031495
0,6.288664095,16.80732471,13.92489597
0,11.88914699,76.0079417,31.85890612
0,6.837452733,67.30154754,22.619715
1,12.76997601,78.71458853,33.40558971
0,4.797235578,62.20980667,19.03064496
0,8.278574712,50.56430546,22.83566938
0,4.550327176,51.22658141,16.94210795
0,12.57983865,21.60434939,22.00058207
1,12.95716928,69.56677636,32.88160097
1,12.48362455,88.02674868,34.35375978
0,11.78701308,80.13620962,32.19645992
0,0.812271281,36.44504649,6.469651023
1,0.812271281,55.69833225,7.718947685
0,11.57992601,40.16851881,25.87315521
1,10.36446345,55.36942764,26.83421654
0,0.812271281,62.02866667,8.061132217
0,0.812271281,17.40706019,4.63603837
0,6.837452733,46.87245093,20.12913094
0,10.48095561,47.87140152,25.81229181
0,9.116820699,16.92739754,16.9524367
0,5.033832265,17.00741087,12.12333693
0,9.884510807,22.15387168,19.39376049
0,3.098700364,50.12241489,13.46723438
0,12.86393267,43.12066552,28.11868665
1,0.812271281,54.41840254,7.646425677
0,12.95716928,73.11491176,33.05643847
1,3.098700364,57.96007586,14.63504737
0,4.797235578,29.17456375,14.43761283
0,7.347857226,55.66179475,22.31157102
0,6.659184132,61.66626302,22.21736012
0,3.098700364,39.26839473,12.7790263
0,6.47636832,68.74046418,22.50921791
0,6.095686027,76.18623911,22.21926176
0,9.884510807,44.23759886,24.55966893
0,8.846132431,21.32919413,18.49028245
0,0.812271281,57.52286231,7.820301566
1,8.423987519,71.96953997,26.00414684
0,10.93422401,50.49067789,26.89461297
0,8.423987519,51.18980579,23.18470451
0,12.95716928,50.41704199,29.66752122
0,10.82273494,35.99177795,23.75021086
0,12.57983865,17.00741087,20.36173481
1,3.732277839,35.15964051,13.74576045
0,10.59613826,39.90614473,24.45763473
0,12.95716928,65.93235365,32.07640052
0,4.019769102,73.40103529,17.73138726
0,7.826575027,71.14542626,25.01750687
0,11.15375786,69.31537144,29.63601871
0,4.550327176,58.28781781,17.70253804
0,10.71005189,78.78571693,30.49058212
0,12.67528347,87.95623438,34.77166679
0,0.812271281,54.89407498,7.673518214
0,12.57983865,73.11491176,32.83558978
0,9.508451863,32.80623568,21.51120421
0,8.278574712,21.60434939,17.22792774
1,8.566979552,80.42029649,27.1951349
1,11.26186749,86.26255548,32.2783563
0,12.57983865,20.22585665,21.91499503
0,4.797235578,16.56698702,11.14941909
0,12.86393267,66.65325523,31.91291193
0,9.508451863,78.5011732,28.56797311
0,12.1901866,71.50382754,31.81458863
0,11.04455392,75.00887036,30.30229055
1,4.797235578,64.99426184,18.95415574
1,11.04455392,43.49322219,25.7027521
0,12.95716928,75.15165812,33.42257376
0,10.24661915,17.00741087,18.23018428
0,9.508451863,20.69925625,18.63337594
0,4.797235578,40.88001416,16.07589788
0,4.019769102,59.05199383,16.52739234
0,10.82273494,62.78917963,28.58550803
0,10.59613826,69.74630794,29.31731672
1,9.635448939,76.47144725,28.86704179
0,11.36891302,47.7974609,26.77157237
0,2.354360082,17.20732196,7.033609935
0,6.47636832,50.67473126,20.22454991
0,7.510676277,17.24728336,15.06858243
0,6.47636832,80.77529492,23.93525804
0,3.426487989,58.94287311,14.93874982
0,3.426487989,72.22021079,16.32110408
0,10.82273494,75.9009476,30.29359647
0,2.354360082,62.46333378,13.14834594
0,0.812271281,16.68718803,4.543309501
0,7.670188277,77.14848457,25.54092152
0,6.837452733,77.14848457,23.46760865
0,4.797235578,42.97157334,16.42561342
0,1.918881261,25.7018897,8.602929866
0,8.707660582,21.48645825,18.29244595
0,7.181531261,46.39088863,20.56540713
0,10.82273494,62.24602975,28.83390239
1,5.261241353,37.42565078,16.61417883
0,11.6839475,86.3684861,32.66404819
0,1.918881261,69.74630794,12.35265182
0,12.28881721,83.2214957,33.71640893
1,2.743799084,55.15007364,13.25004163
0,11.6839475,69.67449964,30.55904833
0,12.95716928,51.48395354,29.2876463
0,11.99037249,76.72093628,32.26463521
0,7.826575027,72.68556252,25.17552575
0,1.918881261,48.09317039,11.12630672
0,6.288664095,20.30481393,14.51191598
0,0.812271281,16.6471282,4.538069676
0,7.181531261,66.54515886,23.50780015
1,11.47492333,42.7851519,26.16884893
0,12.95716928,21.36851833,22.6769895
0,12.48362455,17.44698728,20.94411096
0,10.93422401,17.72628719,19.18633324
0,12.86393267,69.38720866,32.51596356
0,7.510676277,21.80072704,16.70142763
0,8.846132431,85.98002408,28.17163066
0,11.26186749,54.27197697,28.02203776
0,8.566979552,17.12737839,16.59597718
0,12.95716928,83.46934459,34.40368328
0,0.812271281,16.40661803,4.506428748
0,4.291737357,27.94364667,12.79463436
1,9.116820699,69.45904008,26.98049314
0,4.797235578,28.0206984,14.54636183
0,0.812271281,17.36712626,4.630963753
0,11.99037249,31.54837511,24.26352936
0,0.812271281,21.21118871,5.086720299
0,6.095686027,48.05621442,19.63654195
1,12.67528347,69.4231251,32.05821907
0,1.417775541,58.43343489,10.00317718
0,6.288664095,17.52682106,14.24871357
0,4.797235578,65.46343861,19.12018532
0,4.019769102,17.36712626,10.82612769
0,7.670188277,63.47664538,23.84939653
0,7.670188277,61.88372503,23.74699386
0,0.812271281,68.84828775,8.402909158
1,7.181531261,17.28723787,14.72866762
1,5.261241353,58.57902376,18.99347481
1,8.423987519,58.17858645,24.05217756
0,4.550327176,17.04740702,11.40892987
0,0.812271281,21.01440292,5.064839005
1,9.249207563,62.57196373,26.4828381
0,4.019769102,16.84735605,11.38511677
0,11.15375786,51.77797105,27.42413162
0,7.980002464,55.69833225,23.41808217
1,10.00669167,68.88422601,28.43084437
0,11.6839475,67.12151534,30.54548821
0,1.918881261,44.12600444,11.11180831
0,6.095686027,48.72108706,19.27250154
1,12.48362455,21.09313382,21.94583965
0,6.837452733,44.0143882,19.88921263
0,8.566979552,28.0592182,19.414499
0,2.743799084,17.00741087,8.983011679
0,1.417775541,17.00741087,6.049821164
0,12.95716928,69.24352842,32.34615285
0,4.019769102,17.36712626,10.87301708
0,12.48362455,22.03620433,22.01129516
0,5.692092909,65.82416561,20.70866915
0,3.732277839,17.60662772,9.82526823
0,2.743799084,35.08391711,11.5362133
0,7.011477857,38.93043984,19.16197008
0,0.812271281,61.91996291,8.055471618
1,10.71005189,55.73486788,27.14903287
0,5.896996055,16.6070612,13.7173964
0,12.57983865,84.28330139,33.99441767
0,0.812271281,65.49951826,8.238260611
1,7.347857226,54.45500416,22.48211869
0,12.48362455,39.68114682,26.86269566
0,8.423987519,17.3271855,16.87832748
1,12.48362455,80.59781097,33.41977795
1,12.95716928,50.89552694,29.58869267
0,12.86393267,82.72562465,34.16802185
0,0.812271281,40.0935683,6.737380092
0,10.24661915,25.15858847,20.71704694
1,1.417775541,25.23625705,8.021341751
0,0.812271281,36.70925277,6.489658657
0,10.48095561,51.77797105,26.31571285
0,11.88914699,78.963516,32.60323592
0,8.423987519,65.24692814,24.96960242
0,1.417775541,35.99177795,8.17272892
0,1.918881261,16.84735605,7.185105996
0,2.743799084,66.1486883,14.36894236
0,12.86393267,69.38720866,32.3510848
0,9.116820699,43.93996523,23.25213253
0,12.28881721,79.53226335,32.85879057
0,12.48362455,81.30756431,33.59505181
0,10.59613826,58.76097033,27.67000149
0,10.71005189,55.33287333,27.24421075
0,7.347857226,16.72724072,14.20643814
0,5.896996055,44.53507783,18.41635726
0,12.1901866,20.26533818,21.49097838
0,7.347857226,31.16645279,18.61250861
1,7.011477857,81.16565249,24.67495665
1,7.181531261,28.21325717,17.72542773
0,9.116820699,76.64966017,27.95426043
0,6.659184132,53.97903371,21.21402702
0,0.812271281,37.01102393,6.512387038
0,4.291737357,59.16109887,17.38023272
0,3.098700364,65.42735741,15.64953177
0,10.82273494,74.04449579,30.07260768
0,4.291737357,17.48690757,10.93853788
0,3.098700364,40.88001416,12.9228339
0,10.36446345,69.81811048,28.98172883
0,11.88914699,61.81124431,29.91263931
0,10.93422401,46.68728018,26.17575884
0,8.846132431,47.20561586,23.60548644
0,12.86393267,80.66880821,33.89031516
0,3.098700364,44.83240329,13.95521232
0,10.12737771,42.6359696,24.11211455
1,1.417775541,66.25683494,10.94054047
0,2.354360082,53.97903371,12.24114644
0,1.417775541,20.46265939,6.06917947
0,2.354360082,60.68694196,12.80525169
0,10.82273494,47.53859891,26.1884358
0,11.78701308,20.18636932,21.27017947
0,4.019769102,17.16735364,10.44085067
0,1.918881261,80.42029649,13.1356749
0,5.896996055,73.50830917,21.81882094
0,3.732277839,67.33754948,17.27388744
0,10.24661915,62.97014821,28.02994043
0,12.57983865,64.01897212,31.29733466
0,0.812271281,42.7851519,6.924033751
0,2.354360082,17.44698728,8.036545936
0,0.812271281,21.09313382,5.073610291
0,7.826575027,43.45597765,21.3133191
0,9.379727268,46.57615046,23.88735415
0,4.550327176,65.71596371,18.116044
0,12.86393267,48.64724718,28.96626003
0,1.417775541,17.36712626,6.344190622
1,8.130622519,61.99243373,24.32306726
0,5.896996055,17.16735364,13.52811501
0,11.26186749,72.6497745,30.35363368
0,11.57992601,62.1011276,29.3775441
0,2.743799084,43.3069748,12.93183248
1,0.812271281,16.6070612,4.532820301
1,4.019769102,57.92365121,16.65851575
0,7.510676277,39.53109361,20.04413279
0,10.71005189,16.56698702,18.92142579
0,12.95716928,86.29786682,34.77154688
0,9.884510807,80.88177066,29.3877062
0,11.36891302,21.76146222,21.00163004
0,0.812271281,16.32638992,4.495803831
0,12.95716928,79.03462687,33.76198693
0,12.95716928,77.00598907,33.70020328
0,8.982489749,73.32951258,27.21595177
0,2.743799084,58.72458452,13.99636314
0,5.033832265,65.46343861,19.11494652
1,10.00669167,68.84828775,28.32996407
1,12.76997601,82.22952122,33.8950625
0,10.00669167,16.6471282,17.77362762
1,8.423987519,66.54515886,25.08969861
0,12.67528347,20.97502915,22.1252146
1,5.692092909,47.16860654,18.92114304
1,12.57983865,16.6471282,19.82640562
0,5.692092909,54.93065188,19.88645936
0,12.57983865,64.30806668,31.50098486
0,2.354360082,16.24613253,8.030851027
0,7.510676277,31.73920338,18.92820883
0,7.980002464,25.39153984,17.90958676
0,2.743799084,17.3271855,9.41472558
0,12.76997601,73.04336724,32.72280526
0,7.181531261,58.17858645,22.10424318
1,12.95716928,61.12234637,31.35359151
0,0.812271281,58.10575668,7.852198103
0,12.76997601,40.95485259,27.5756052
0,8.982489749,16.40661803,16.8439748
1,9.249207563,76.29320191,27.79117669
0,5.896996055,54.9672269,19.57510505
0,9.635448939,83.07984188,29.24129472
0,0.812271281,36.63378023,6.483953719
0,1.417775541,24.80885367,7.903494594
0,5.261241353,59.67004947,19.43359422
1,1.417775541,73.11491176,10.79427933
0,0.812271281,16.88738032,4.569366799
0,5.033832265,57.01245311,18.37122905
0,3.098700364,16.2059928,9.07603873
0,2.354360082,59.81540183,13.27225684
0,2.743799084,76.0079417,14.78082287
0,5.48039866,77.86065474,21.93504653
0,10.36446345,58.94287311,27.37588268
0,3.732277839,50.63792473,15.16618924
0,5.896996055,21.5257607,14.52253487
0,5.48039866,58.68819696,19.61171296
0,7.510676277,73.65132201,24.65113037
0,7.011477857,43.45597765,20.10260304
1,2.354360082,56.97598176,13.06176643
0,7.980002464,16.92739754,15.4569501
0,7.347857226,16.2862649,14.74251518
0,4.019769102,36.36953196,14.4241547
0,6.095686027,39.83115631,18.05039439
1,1.918881261,72.93604021,13.30023219
0,12.67528347,37.35029048,26.38178086
0,5.261241353,16.52690563,13.15633447
0,6.288664095,54.67457378,20.78219771
1,9.379727268,69.9616983,27.07650651
0,8.278574712,77.61145327,26.43641349
0,7.181531261,17.24728336,14.51775859
0,5.261241353,39.26839473,16.54967855
0,12.1901866,58.14217245,29.80354629
0,10.71005189,16.52690563,18.97243573
0,10.93422401,54.05228107,27.23559351
0,7.826575027,76.75657239,25.25579925
0,6.659184132,17.72628719,14.46979448
0,7.347857226,73.68707184,24.57295644
0,5.896996055,16.52690563,12.91451496
0,11.57992601,36.40729073,25.25827585
1,5.896996055,63.33196411,20.48342055
0,10.82273494,21.40783707,20.25714772
0,12.95716928,39.34346533,27.33528261
0,10.93422401,65.21083763,29.04012371
0,7.670188277,16.72724072,15.69216953
0,1.918881261,17.04740702,7.402671476
0,12.1901866,63.18725711,30.44953009
0,10.12737771,73.18645082,28.91865598
1,1.918881261,29.90353868,8.557989208
0,12.86393267,64.63317719,31.68318421
1,0.812271281,21.05377114,5.06922779
0,11.57992601,17.28723787,19.65923441
0,8.707660582,69.35129078,26.30852476
0,3.732277839,40.056089,13.67490175
0,5.48039866,16.88738032,12.42121772
0,12.38662351,43.64217575,27.56868147
1,4.797235578,24.41982005,13.86262389
0,11.57992601,16.36650763,18.9864681
0,1.918881261,16.32638992,6.847414594
1,9.884510807,44.31198306,24.25331612
0,4.019769102,62.64437554,16.46721554
0,1.918881261,17.24728336,7.727151832
0,6.837452733,54.60139153,21.23534029
0,9.508451863,80.88177066,28.70847019
0,12.57983865,21.40783707,22.51418644
0,11.15375786,79.67440049,30.69978413
0,10.71005189,61.95619915,28.39830497
0,0.812271281,44.08880145,7.011458186
0,12.95716928,68.05727447,32.60671692
0,9.508451863,17.36712626,17.90021192
0,12.95716928,89.08393536,34.92195921
0,3.098700364,17.04740702,9.047738529
0,2.743799084,16.76728627,8.502407525
0,10.48095561,55.36942764,27.09319041
0,0.812271281,72.22021079,8.563006141
0,12.1901866,51.88819421,28.48715358
0,5.896996055,17.08739619,13.32807452
0,9.508451863,62.24602975,26.4976987
0,9.635448939,29.09774918,20.86198642
1,10.82273494,61.95619915,28.29702083
0,9.635448939,62.42712053,27.13564387
0,0.812271281,40.50566301,6.766521433
0,1.417775541,17.40706019,6.317353327
0,12.57983865,61.95619915,31.00082081
0,7.181531261,20.77807656,15.78537383
0,12.76997601,60.28760774,31.06026552
0,1.918881261,24.73108418,8.662123
0,1.417775541,36.33177018,9.102683365
0,1.918881261,24.76997124,8.581351042
0,3.426487989,58.36062988,15.32770486
0,5.033832265,56.39219257,18.3334667
0,3.426487989,17.64652093,9.912592131
0,4.797235578,44.86955824,16.26479177
0,11.04455392,80.34928213,31.18561754
0,4.797235578,72.47081376,19.04568617
0,12.09071189,16.68718803,20.08478834
0,5.48039866,65.46343861,20.28866359
0,8.982489749,42.89701227,22.93666022
1,2.354360082,24.84773147,9.310285788
0,7.181531261,16.80732471,14.65221993
0,11.88914699,35.42457399,25.27806642
0,5.692092909,44.12600444,18.03134933
0,12.28881721,16.92739754,20.18892807
0,7.510676277,16.76728627,15.07782629
0,5.692092909,39.75615702,17.52939982
0,11.15375786,81.27208817,31.4805175
0,0.812271281,17.12737839,4.600328731
0,2.743799084,17.40706019,8.978460091
0,6.288664095,32.38736629,16.89729913
0,4.291737357,43.53046427,15.75430368
0,7.011477857,64.99426184,22.79830925
0,1.918881261,44.0143882,10.3390571
0,12.95716928,84.84916971,34.56608832
1,4.291737357,67.04949193,17.91152491
0,4.291737357,44.31198306,15.60437635
0,4.550327176,17.48690757,10.8902357
1,9.116820699,81.41398547,28.46440128
0,5.896996055,49.16394485,19.32208834
0,8.982489749,79.81651782,27.68447563
1,5.896996055,77.89624987,22.25531576
1,12.38662351,84.14178798,33.55052028
0,11.88914699,65.78809985,30.67705609
0,6.837452733,71.75462507,23.67188634
0,0.812271281,20.54154776,5.011675625
0,3.098700364,55.36942764,14.45586945
0,8.278574712,61.12234637,24.53274276
0,12.57983865,65.86022983,31.23572544
0,8.707660582,67.62551105,25.75420202
0,10.93422401,66.43704882,29.20166961
0,4.291737357,70.24880508,18.57681442
0,7.980002464,55.51562614,23.06030856
0,12.95716928,17.12737839,21.074828
0,10.36446345,17.08739619,18.50074215
0,7.181531261,58.46983475,22.51197854
0,12.28881721,20.85687439,21.66201818
0,2.354360082,77.21972461,14.07213833
1,4.797235578,77.57584796,19.95153594
0,0.812271281,63.47664538,8.135866681
0,8.566979552,53.68596702,23.71670011
0,8.707660582,80.2427514,27.57483612
0,5.261241353,17.36712626,12.70825363
0,2.354360082,61.63001355,13.0550004
0,5.033832265,17.04740702,11.52818053
0,12.28881721,61.81124431,30.35157744
0,7.011477857,45.53794279,20.91056085
0,11.26186749,46.57615046,26.25096283
0,10.59613826,72.9002618,29.67906249
0,11.78701308,78.39444855,32.0796629
0,12.67528347,17.3271855,20.99550159
0,9.508451863,65.78809985,26.97421599
0,12.48362455,54.38179902,29.6444947
1,8.846132431,73.36527462,27.21561084
0,6.288664095,77.29095952,22.70981271
0,5.033832265,17.72628719,12.41212441
0,9.635448939,68.38095695,27.59733637
0,2.354360082,28.79033561,9.778444569
0,7.181531261,44.0143882,20.43978209
0,2.743799084,40.88001416,11.71853172
0,2.743799084,50.56430546,13.73189692
0,0.812271281,54.30858623,7.640146996
0,12.95716928,62.39090565,31.40378623
0,7.181531261,39.64363762,20.02422095
0,9.760782001,65.39127466,27.43504662
0,2.354360082,17.08739619,8.194688711
0,12.57983865,88.80211532,34.59431793
0,8.566979552,17.12737839,15.85184225
1,0.812271281,54.67457378,7.661037108
0,8.278574712,79.07018043,26.24560048
0,2.354360082,60.75952619,12.89436078
1,12.67528347,83.68174071,34.09667534
1,9.249207563,72.86448201,27.6147553
0,1.918881261,62.24602975,11.91975867
0,10.48095561,61.99243373,28.08027692
0,5.48039866,21.17184259,13.94123896
0,7.347857226,16.96740771,15.38731621
1,0.812271281,61.12234637,8.013718273
0,10.48095561,36.25623757,23.49921407
0,0.812271281,17.28723787,4.620787904
0,0.812271281,16.40661803,4.506428748
0,9.116820699,62.28225118,26.12678633
1,12.38662351,81.83956161,33.33936811
0,7.510676277,38.55466909,19.8110063
0,12.09071189,55.55217109,29.23099992
0,4.291737357,24.53657915,12.14646596
0,1.417775541,55.51562614,10.05382919
1,6.095686027,46.94650337,18.84813105
0,12.1901866,21.44715037,22.11213735
1,4.019769102,65.46343861,17.27670617
0,7.826575027,17.24728336,15.45970185
0,0.812271281,59.015622,7.901533717
0,2.354360082,66.32892507,13.34097953
1,9.249207563,55.0769406,24.71531324
0,12.38662351,73.25798443,32.2501677
0,0.812271281,55.15007364,7.688029774
0,6.095686027,40.39330574,18.24070003
1,10.82273494,75.04456929,30.07655667
0,0,16.92739754,4.610576329
0,0.812271281,37.38797209,6.540594477
0,4.797235578,16.52690563,11.41532254
0,9.635448939,81.09468931,29.22088487
0,4.797235578,21.01440292,13.04076586
0,11.26186749,17.28723787,19.22695261
0,3.426487989,58.87011724,15.72308853
0,4.797235578,69.02796446,19.31671354
0,12.57983865,68.02130236,32.08603685
1,2.743799084,64.5248212,14.58429793
1,10.59613826,35.50024127,23.50416854
0,9.508451863,49.12705187,24.75651663
0,5.692092909,17.12737839,13.07325053
0,4.291737357,57.99649873,17.61597648
0,12.95716928,77.57584796,33.69766318
1,1.417775541,65.17474556,10.91243162
0,7.011477857,17.76616027,14.66727252
1,12.86393267,80.81078805,33.95406532
0,4.550327176,76.25754895,19.10583922
0,0.812271281,35.76497939,6.417676375
0,5.692092909,43.08339621,17.76473768
0,0.812271281,66.18473871,8.272432394
0,4.797235578,65.89629251,18.7836397
0,11.15375786,35.72716891,24.33683587
0,12.57983865,69.60268556,32.28557562
0,2.354360082,40.80516515,11.89063603
0,0.812271281,47.02054678,7.201568576
0,7.670188277,42.7478601,21.07743057
0,6.659184132,17.00741087,14.26476899
0,5.033832265,64.56094144,19.12597149
1,12.1901866,58.36062988,29.99917426
0,0.812271281,43.8283125,6.994137404
0,11.47492333,45.76056862,26.73166261
0,6.659184132,79.39010638,23.98103766
0,6.288664095,16.76728627,13.5840488
0,8.278574712,72.18440483,25.924648
0,10.93422401,68.92016281,29.60936489
0,10.24661915,72.43501748,29.15448639
1,4.550327176,44.34917153,15.86393551
0,11.04455392,39.19331307,24.70905946
0,4.550327176,16.44672115,10.79530986
1,11.47492333,80.10069323,31.71294156
1,1.417775541,58.94287311,10.32207132
1,1.417775541,43.79109005,8.895712028
0,12.86393267,16.96740771,20.75881071
0,0.812271281,16.56698702,4.527561336
0,12.57983865,21.05377114,21.77573538
0,12.95716928,65.46343861,31.89365703
0,1.417775541,16.48681701,6.432190792
1,0.812271281,73.11491176,8.604585255
0,9.635448939,62.1373556,26.8612853
0,12.95716928,21.44715037,22.68150525
0,3.098700364,58.97924842,14.49914952
0,2.354360082,57.70506589,13.16497633
0,4.797235578,73.7943132,19.5938194
0,11.57992601,53.79588154,28.29198338
0,3.426487989,17.56672777,10.26501761
0,12.28881721,44.0143882,27.65877876
0,0.812271281,55.40598007,7.702488215
0,11.36891302,17.00741087,19.48218555
0,2.354360082,16.24613253,7.818299558
0,11.57992601,35.72716891,24.46703661
0,11.99037249,82.01683394,33.15138765
0,7.510676277,48.75800375,21.58469102
0,11.99037249,69.9616983,31.20181209
0,11.57992601,76.07926458,31.60966332
0,12.57983865,70.67929391,32.46943853
0,11.88914699,77.11286262,31.87188337
0,9.760782001,61.12234637,26.98432732
0,6.095686027,65.35519036,21.40271153
0,11.36891302,16.68718803,19.2351057
0,2.354360082,68.70452006,13.5474406
0,2.354360082,17.40706019,8.178229857
0,8.846132431,44.34917153,23.20348402
0,12.1901866,67.15752479,30.7811775
0,8.278574712,17.80602668,16.69531343
1,12.48362455,17.08739619,20.16960837
0,2.354360082,40.69287178,10.15824072
1,12.76997601,86.29786682,34.19781656
0,1.918881261,42.71056578,10.96550623
1,11.04455392,77.9674363,31.14259131
0,1.417775541,47.24262293,9.642939845
0,7.980002464,67.87739906,25.07050851
0,10.36446345,34.06040988,22.70873252
0,12.57983865,64.41645104,31.35917909
0,4.797235578,54.85749619,17.78677825
0,3.732277839,44.86955824,14.09775753
0,11.15375786,83.3985365,32.02222175
0,12.67528347,71.00202635,32.54990452
0,7.510676277,54.60139153,22.43380111
0,12.95716928,74.47322696,33.40918823
0,12.76997601,46.39088863,28.77874494
0,0.812271281,40.61799626,6.774428688
0,4.291737357,69.09982494,17.95307312
0,7.826575027,55.25975909,23.120394
0,0.812271281,54.8209155,7.669362234
0,6.659184132,72.54240219,22.96821059
1,10.82273494,72.18440483,29.78808216
0,11.04455392,16.68718803,18.83012764
0,11.04455392,73.72282031,30.29144346
0,7.181531261,77.36218931,24.40343277
0,12.76997601,72.9002618,33.07820833
0,11.88914699,82.12318296,32.60827949
0,4.550327176,43.60494105,16.17635693
0,1.417775541,55.91751817,10.30730198
0,7.347857226,16.6471282,15.28263734
0,9.635448939,44.86955824,24.31958415
0,6.095686027,72.82870086,22.00759575
1,12.95716928,79.56779949,34.16682864
0,12.86393267,69.85400959,32.19983731
0,8.707660582,48.20402511,23.29039457
0,7.980002464,75.75827047,25.5770953
1,9.508451863,75.29442471,28.58530779
0,8.982489749,29.05933609,20.4308862
0,10.24661915,78.85684031,29.50332035
0,11.57992601,82.12318296,32.33664602
0,9.379727268,63.25961383,26.60667154
0,2.354360082,48.68416821,11.72111595
0,10.93422401,73.54406442,30.18632344
1,12.76997601,80.02965677,33.67915083
1,12.28881721,55.66179475,29.43030627
0,0.812271281,36.36953196,6.463913712
0,12.76997601,74.93746853,33.24596391
1,7.980002464,29.28975669,18.92820883
0,0.812271281,69.85400959,8.45123656
0,12.48362455,66.04052787,31.40378623
0,0.812271281,16.6471282,4.538069676
0,7.510676277,68.59667891,24.04407421
0,8.130622519,21.09313382,17.46481597
0,10.48095561,76.64966017,29.93655465
0,11.26186749,44.42354126,26.40735306
0,3.426487989,66.00447134,16.0490804
0,9.116820699,70.28468699,26.97468109
0,8.278574712,65.03036171,25.21636557
0,2.354360082,37.08643709,11.1810294
0,12.95716928,21.09313382,22.39939451
1,2.743799084,70.46407512,14.62305091
0,0.812271281,16.80732471,4.558972086
1,5.48039866,70.53582041,20.80798271
0,3.732277839,41.1419026,14.21145959
0,8.846132431,17.92558598,17.12361028
1,11.36891302,79.99413669,31.60149234
0,9.760782001,80.98823545,29.35111723
1,12.28881721,66.40100909,31.3633484
0,1.417775541,17.28723787,5.618751746
1,12.28881721,77.14848457,32.82337987
0,6.095686027,57.99649873,20.56010481
0,7.011477857,61.19489027,22.59203521
0,2.354360082,36.63378023,11.12727183
0,12.76997601,16.92739754,20.95665799
0,2.354360082,40.69287178,11.45623238
0,6.288664095,36.40729073,17.9707171
0,6.095686027,60.65064731,20.61916142
1,9.249207563,64.74151904,26.44498109
0,1.417775541,57.34061386,9.65732296
0,10.36446345,72.9002618,29.39432065
0,10.93422401,17.12737839,19.22532098
0,4.019769102,47.53859891,15.52403956
0,7.510676277,69.53086571,24.16244279
0,3.732277839,40.95485259,14.24982218
0,10.00669167,55.66179475,26.69470498
0,1.918881261,24.3030186,8.715673478
0,1.417775541,37.61400053,8.359283931
0,4.019769102,66.11263635,17.22118589
1,0.812271281,58.87011724,7.893680634
0,7.347857226,58.10575668,22.98184866
1,1.417775541,54.45500416,10.21656566
0,9.884510807,58.76097033,26.5701119
0,0.812271281,17.76616027,4.681317145
0,11.57992601,72.54240219,31.23954063
0,11.6839475,59.67004947,29.36382478
0,10.00669167,43.15793234,24.54784248
0,12.38662351,79.63886806,33.08032853
0,12.57983865,17.00741087,20.70617683
0,4.019769102,20.97502915,10.99629379
0,6.288664095,65.67989333,21.86624832
0,2.354360082,16.84735605,8.007991258
0,12.76997601,86.29786682,34.47624926
0,0.812271281,36.33177018,6.46104156
0,3.732277839,58.79735438,15.8284579
0,11.04455392,20.69925625,20.246376
1,10.82273494,21.01440292,20.15823675
0,4.550327176,17.80602668,12.33576139
0,11.78701308,84.14178798,32.70019583
0,5.896996055,44.27479217,18.39609792
0,1.918881261,35.12178038,9.459927054
0,12.76997601,83.36313069,33.97027245
0,0.812271281,16.6070612,4.532820301
1,9.884510807,65.75203255,27.59854237
0,5.692092909,16.72724072,13.01696325
0,11.47492333,42.7478601,26.21199077
0,9.116820699,16.88738032,16.64774655
0,12.95716928,85.20268755,34.50895619
1,4.550327176,65.71596371,18.22894617
1,10.71005189,73.07914019,30.03330761
1,2.743799084,40.43076083,11.85211905
0,0.812271281,58.32422472,7.864094089
0,5.692092909,16.80732471,13.38592506
1,1.417775541,58.03291983,9.887807821
0,5.896996055,54.23536578,19.38283768
0,5.692092909,16.52690563,12.75339292
0,5.48039866,47.20561586,18.14051492
0,4.291737357,16.88738032,11.15230082
0,10.24661915,80.31377312,29.91673245
0,12.1901866,83.15067115,32.91587733
0,0.812271281,61.63001355,8.040338118
0,7.347857226,42.89701227,20.60472319
0,12.86393267,76.75657239,33.54808201
0,3.732277839,36.52054898,14.5034079
0,12.95716928,82.7610517,34.21246921
0,10.59613826,33.11061043,23.38686815
0,7.980002464,44.163205,21.80667476
0,12.95716928,80.59781097,34.02988441
0,8.278574712,72.18440483,26.12779584
0,10.71005189,73.54406442,29.74987186
0,12.86393267,64.56094144,32.03286837
1,12.76997601,69.49495362,32.33758977
0,12.86393267,74.93746853,32.84179481
0,11.88914699,53.53938715,28.66799878
0,8.423987519,73.9015424,26.5333015
0,0.812271281,61.95619915,8.057359358
0,12.57983865,78.10979396,33.46921278
0,11.99037249,19.75162281,20.93838157
0,3.426487989,55.73486788,14.85775949
0,6.47636832,66.04052787,22.18706926
0,3.098700364,16.6070612,9.174415363
1,8.566979552,47.20561586,22.74251731
0,7.826575027,71.03787844,24.91904279
0,7.670188277,16.92739754,14.83103825
0,3.426487989,35.57589616,12.50314187
0,7.510676277,62.60817045,23.44703235
1,2.743799084,69.31537144,15.1522665
1,8.130622519,69.81811048,24.99761037
0,12.09071189,69.78220993,31.57702344
0,0.812271281,40.73030556,6.782318802
0,11.04455392,65.57167293,29.23279511
0,5.261241353,69.20760473,19.90071617
0,6.659184132,76.0079417,22.99633865
0,5.896996055,17.00741087,12.96424845
0,5.692092909,17.44698728,12.68157437
0,8.846132431,49.16394485,23.47125453
1,8.423987519,61.88372503,25.1910509
0,7.826575027,16.68718803,15.53674159
0,0.812271281,17.3271855,4.625880276
0,11.6839475,41.44104634,26.09316299
0,12.95716928,19.6725012,21.7515063
0,8.982489749,51.59422533,24.71836594
0,9.508451863,51.37366345,24.96974408
0,9.508451863,63.11489394,26.79419126
0,4.019769102,57.08539038,16.44743618
0,12.09071189,58.25140912,29.64977761
0,1.918881261,62.60817045,11.76912614
0,9.508451863,47.83443232,24.57221872
0,3.732277839,58.61541659,16.50031835
1,8.707660582,69.56677636,26.39998298
0,2.743799084,32.61589162,11.61499546
1,4.019769102,76.22189468,18.30624643
0,4.019769102,54.27197697,16.46761055
0,8.278574712,47.3906288,22.52778982
0,10.71005189,16.92739754,18.45010339
0,1.417775541,66.76133794,10.82305443
0,0.812271281,36.897882,6.503880952
0,3.732277839,55.04037125,15.60482494
0,4.019769102,33.18667054,13.59949306
1,1.417775541,55.11350806,9.245010521
0,1.918881261,44.163205,10.47394862
0,7.347857226,73.54406442,24.24156505
1,0.812271281,37.38797209,6.540594477
0,10.12737771,63.18725711,27.36692362
1,10.82273494,65.2830171,28.64372443
0,11.26186749,17.04740702,19.27142009
0,9.249207563,52.14531105,24.7878825
0,1.417775541,37.04873198,8.109864647
0,9.249207563,16.72724072,16.95096208
0,8.707660582,40.01860699,22.18592418
0,12.76997601,77.86065474,33.3625951
0,5.033832265,44.0143882,17.13727209
0,9.379727268,58.79735438,26.123126
0,11.88914699,79.42564748,32.46699634
0,4.797235578,76.72093628,19.67749639
0,9.635448939,76.36450395,28.79074189
0,6.659184132,57.66862876,21.48911853
1,11.26186749,40.20599001,25.40602405
0,12.67528347,47.7974609,28.46187034
1,7.510676277,80.704305,25.31561482
1,12.67528347,67.51753668,31.92740822
1,6.095686027,38.93043984,17.60857644
0,10.36446345,43.34422922,24.83337859
0,12.95716928,66.07658288,32.0374815
1,8.566979552,40.16851881,22.24925374
0,1.417775541,20.54154776,5.944663904
0,12.95716928,70.14115078,32.79234789
1,9.116820699,56.61116828,24.93980945
1,11.99037249,73.83005761,31.87293905
0,12.86393267,16.92739754,20.7147835
0,7.011477857,44.12600444,20.27124929
0,5.692092909,17.12737839,12.76195025
0,4.019769102,54.60139153,16.46207834
0,5.896996055,21.13249097,14.22260375
0,2.354360082,17.80602668,8.274223128
1,0.812271281,39.83115631,6.718712993
0,7.181531261,61.99243373,22.89918417
1,0.812271281,55.88099183,7.729200218
1,12.95716928,86.40379404,34.36112442
0,12.95716928,20.65983763,22.24868521
0,4.550327176,16.80732471,11.48603077
0,4.019769102,17.24728336,10.75807618
1,1.417775541,40.28092436,9.220644485
1,11.78701308,76.97036199,31.88748299
1,7.980002464,73.68707184,25.41076689
0,10.59613826,58.21499867,27.76454648
1,8.130622519,79.53226335,26.38104226
0,11.04455392,16.2862649,18.72962712
0,9.379727268,21.01440292,18.80978772
0,4.019769102,16.2862649,10.30502577
0,9.379727268,63.62130099,26.62111506
1,3.732277839,54.74774844,15.79497202
0,10.82273494,69.56677636,29.42965639
0,12.86393267,21.28986447,22.60843482
1,12.86393267,20.73866922,22.30931255
1,12.76997601,16.68718803,21.08003235
1,0.812271281,21.21118871,5.086720299
0,9.249207563,47.61257059,23.78760808
0,7.826575027,69.38720866,24.5278525
0,8.423987519,16.56698702,16.36574422
1,10.59613826,40.01860699,24.42323236
0,9.116820699,20.30481393,17.94503927
0,4.291737357,43.34422922,15.88289538
0,12.48362455,83.64634429,33.70970788
0,3.426487989,29.17456375,12.05497399
0,10.82273494,67.6974865,29.28209792
0,4.019769102,36.52054898,14.26532188
0,4.019769102,68.30903785,17.45829159
0,2.354360082,40.76773668,11.22950235
0,12.86393267,75.9009476,33.26228708
0,10.71005189,65.42735741,28.58400613
1,7.181531261,74.15169669,24.01002702
0,6.837452733,47.42762468,20.69098033
0,10.00669167,84.77845234,30.0798026
0,8.566979552,20.42320664,17.79334478
0,0.812271281,58.68819696,7.883842656
0,11.15375786,55.0769406,27.75104451
0,9.760782001,77.86065474,28.89463155
0,0.812271281,37.01102393,6.512387038
0,0.812271281,17.44698728,4.641104165
0,8.130622519,55.25975909,23.29951343
0,0.812271281,25.35272592,5.517717136
0,5.692092909,65.78809985,20.79879887
0,0.812271281,17.12737839,4.600328731
0,4.019769102,33.11061043,13.2112899
1,10.24661915,77.32657505,29.65979022
0,0.812271281,54.30858623,7.640146996
0,12.86393267,43.53046427,27.88541583
0,9.884510807,58.87011724,26.47979026
0,10.71005189,35.99177795,23.77237823
0,5.033832265,58.61541659,18.78162464
0,6.288664095,76.61402018,22.75685569
0,9.635448939,75.22304406,28.32965665
1,0.812271281,55.80793357,7.725102387
0,7.181531261,43.2697179,20.05860589
0,9.508451863,50.49067789,25.10759435
0,1.918881261,54.34519358,11.81416984
0,9.116820699,51.04268281,24.27053513
0,12.48362455,82.83190224,33.47829476
0,8.423987519,75.79394171,26.30319241
0,3.098700364,39.53109361,12.3885642
0,8.423987519,69.17167959,25.82633977
0,11.6839475,64.5970601,30.13920852
0,8.130622519,55.15007364,23.80585146
0,6.47636832,16.56698702,13.78297317
0,7.670188277,20.62041335,17.27283014
1,6.47636832,61.63001355,21.33144057
0,4.019769102,17.12737839,10.99629379
0,12.57983865,57.1583204,30.50665826
0,12.67528347,48.64724718,28.4706755
0,7.510676277,65.35519036,24.0666529
0,12.67528347,16.96740771,20.61045564
0,4.550327176,17.36712626,11.75374142
0,0.812271281,40.73030556,6.782318802
0,4.291737357,17.40706019,11.93798405
0,11.26186749,59.16109887,28.8767011
0,10.00669167,51.59422533,25.48997696
1,10.24661915,62.53575538,27.50959284
0,12.67528347,47.42762468,28.49099155
1,4.550327176,61.15861916,18.02403582
0,4.550327176,78.03861767,19.57952767
0,7.980002464,39.38099649,20.45777871
0,11.47492333,76.36450395,31.05840985
0,7.826575027,15.6432525,15.45373828
0,9.760782001,43.56770389,24.59152837
0,1.417775541,17.56672777,6.085227619
0,7.011477857,33.11061043,18.47591432
0,6.095686027,17.40706019,13.5698046
0,11.99037249,20.85687439,21.14137651
0,0.812271281,55.55217109,7.710726507
0,5.692092909,68.77640683,21.02151695
0,1.918881261,74.18742764,12.70105543
0,12.48362455,68.59667891,31.69642723
0,11.99037249,17.08739619,19.86716018
0,11.47492333,79.81651782,31.72424395
0,1.417775541,54.8209155,10.04782745
0,7.011477857,60.17866275,22.28159985
0,7.347857226,28.82877595,17.83229538
1,12.95716928,82.37128886,34.27203608
0,1.417775541,65.17474556,9.734998635
0,3.732277839,17.20732196,9.908882803
0,2.743799084,40.61799626,12.06144489
0,8.846132431,39.56861102,22.0607956
0,7.181531261,20.69925625,15.96543592
0,1.417775541,56.1731508,9.778444569
0,12.95716928,80.10069323,34.22035223
0,9.635448939,81.23661082,28.91204713
0,2.354360082,39.68114682,11.54779456
0,7.510676277,58.97924842,23.20911042
0,3.426487989,72.50660867,16.5854994
0,0.812271281,54.19875268,7.633858277
0,2.354360082,46.50205258,11.6395396
0,10.48095561,61.44874133,27.8711025
1,1.417775541,72.22021079,11.12341033
1,4.797235578,61.66626302,18.4546116
0,11.78701308,83.32772371,32.68044061
0,11.26186749,47.02054678,26.51496861
0,0.812271281,24.26407534,5.409471812
0,0.812271281,17.08739619,4.595191331
0,2.354360082,59.37926207,13.07729829
0,0.812271281,20.58098339,5.016141499
0,9.760782001,52.4023296,25.45820652
0,0.812271281,39.83115631,6.718712993
0,3.426487989,68.99203204,16.29077708
0,1.918881261,57.59574911,11.77168595
0,12.95716928,64.16353208,31.72119029
0,5.48039866,39.4185249,17.18274312
0,2.354360082,62.4995454,12.92006226
0,4.550327176,21.17184259,11.98328
0,2.743799084,21.36851833,9.752937304
1,0.812271281,44.49790137,7.038514712
0,12.95716928,84.35405113,34.84103465
0,11.26186749,60.61435097,28.88089395
0,9.508451863,21.95773309,19.21851887
0,11.47492333,16.96740771,19.42325668
0,0.812271281,61.55750965,8.036545936
0,0.812271281,73.04336724,8.601273834
0,0.812271281,21.17184259,5.082356525
1,10.93422401,62.86157193,28.51046381
1,9.635448939,75.47285324,28.72647606
0,9.884510807,44.90671081,24.4014806
0,10.36446345,16.48681701,18.12703442
0,1.918881261,40.46821326,9.816445638
1,12.38662351,61.81124431,30.4924447
0,11.26186749,44.08880145,26.37808732
0,7.980002464,16.32638992,15.40583421
0,4.797235578,65.17474556,18.5898134
0,12.38662351,80.31377312,33.18419026
1,8.846132431,77.61145327,27.26606253
1,4.291737357,69.31537144,18.27492906
0,7.670188277,59.16109887,22.90024195
0,11.57992601,73.25798443,31.56496371
0,11.15375786,83.54014798,32.00918004
0,4.019769102,16.92739754,10.76430109
0,1.417775541,16.48681701,5.341907919
0,3.098700364,54.30858623,14.467119
1,7.510676277,70.35644652,24.28255484
0,4.019769102,17.24728336,10.91444459
0,3.732277839,43.7166378,14.58219637
0,4.797235578,63.29578977,18.26076291
0,5.48039866,39.49357345,16.66696565
0,9.884510807,62.39090565,27.45728751
0,9.760782001,76.82784075,28.79585142
0,8.278574712,51.48395354,23.12761918
0,12.38662351,70.14115078,31.73751841
1,6.095686027,66.18473871,21.26784713
0,0.812271281,17.04740702,4.590044812
0,11.88914699,72.39921982,31.28419897
0,4.291737357,62.1373556,17.51748298
1,0.812271281,56.1731508,7.745549322
1,6.095686027,57.55930661,20.62305318
0,7.181531261,79.92309284,24.84558038
0,1.918881261,16.48681701,6.984203437
0,10.71005189,17.16735364,18.72150698
0,0.812271281,36.06735304,6.440870824
0,1.417775541,43.49322219,8.338181004
0,5.896996055,16.76728627,13.5018311
0,12.67528347,80.17172477,33.66453058
0,12.95716928,68.52477747,32.29147918
0,1.918881261,58.06933914,11.3786869
1,10.71005189,58.72458452,27.97947528
0,11.04455392,17.24728336,19.05875405
0,11.57992601,83.07984188,32.42475625
0,10.24661915,25.50795462,21.19736568
1,12.95716928,85.7680779,34.6253367
1,0.812271281,58.03291983,7.848224912
0,3.098700364,72.36342078,15.30567938
0,12.95716928,61.41248189,31.48028383
0,2.354360082,44.12600444,11.87308645
0,10.93422401,16.52690563,18.96512889
0,0,21.28986447,4.610576329
0,1.417775541,17.40706019,5.825745509
0,12.28881721,16.52690563,20.44025003
1,9.884510807,77.32657505,29.11627211
0,2.354360082,76.75657239,14.30664863
1,7.347857226,68.77640683,23.73701416
0,10.82273494,61.26742749,28.24788392
0,4.797235578,58.43343489,17.71780575
0,11.47492333,55.04037125,28.17007103
0,7.181531261,16.96740771,15.44271441
0,12.1901866,46.39088863,27.83888157
0,2.354360082,80.6333102,14.5616692
0,7.510676277,76.97036199,25.00918628
0,5.48039866,17.08739619,12.59049649
1,12.1901866,21.5257607,22.21108183
1,8.982489749,74.1159644,27.12900029
0,7.670188277,73.04336724,24.6135915
1,0.812271281,55.58871418,7.712783402
0,8.846132431,66.54515886,26.35392351
0,2.354360082,57.81436658,12.53958186
0,3.732277839,36.74698457,14.2131325
0,4.291737357,17.04740702,11.15901856
0,1.417775541,39.56861102,8.880214769
0,11.57992601,83.32772371,32.06029832
0,10.82273494,64.5970601,28.53040483
0,10.24661915,16.44672115,17.96013573
0,0.812271281,16.76728627,4.553760666
0,10.24661915,57.01245311,26.69219665
0,10.71005189,83.46934459,30.91023358
0,11.04455392,51.30012652,26.96199967
0,11.88914699,86.61561805,33.44637974
0,2.743799084,17.56672777,8.55296634
0,10.36446345,67.26554411,28.62947328
0,11.15375786,72.86448201,30.43669295
0,6.288664095,21.28986447,15.735856
0,7.510676277,80.49130595,25.32941993
0,12.76997601,21.32919413,22.36672546
0,5.896996055,78.43002469,22.2175503
0,8.130622519,76.75657239,26.03730089
0,0.812271281,20.22585665,4.975710283
0,6.288664095,21.48645825,14.98971643
0,7.510676277,57.52286231,22.81772011
0,6.659184132,57.92365121,21.51800431
0,10.71005189,75.36580007,29.98034448
0,12.57983865,43.45597765,27.768324
0,1.918881261,77.71826154,12.79321721
0,4.019769102,78.82127925,18.61280292
0,10.82273494,28.17475345,22.36653844
0,4.019769102,35.46240918,14.14529539
1,9.635448939,85.09664426,29.39255097
0,6.837452733,77.07723939,24.47568421
0,6.659184132,44.60942354,19.64015642
0,12.86393267,87.99149208,34.90843699
0,0.812271281,36.97331291,6.50955394
0,7.510676277,63.69361919,23.42807518
0,12.86393267,51.41042885,29.66288325
0,2.354360082,36.25623757,10.71009199
0,4.797235578,62.1011276,18.79169468
0,6.095686027,68.63262743,21.63686072
0,1.918881261,58.57902376,11.41714758
1,12.95716928,81.48492687,34.15105529
0,4.550327176,58.57902376,17.64081279
0,0.812271281,62.35468913,8.07806702
0,5.033832265,16.48681701,12.21605776
0,12.95716928,83.18608402,34.68377501
0,9.760782001,44.72092416,24.3885563
0,5.896996055,16.80732471,13.35964155
1,3.426487989,41.1419026,14.29730538
0,12.57983865,89.78818101,34.53840799
0,11.36891302,20.34428392,20.81670926
0,9.249207563,17.28723787,17.18345689
0,12.95716928,87.60359649,35.05906571
0,10.48095561,21.05377114,19.7144076
1,10.93422401,83.07984188,31.29946983
0,8.846132431,16.76728627,16.88800566
0,12.48362455,84.63700376,34.01171831
0,0.812271281,24.84773147,5.467916044
0,11.04455392,62.680579,29.03906644
0,8.707660582,17.68640742,16.32352447
0,1.918881261,28.94407354,9.040260851
0,0.812271281,61.37622079,8.027049986
0,6.288664095,69.4231251,21.98595227
1,11.78701308,87.99149208,33.16932761
0,4.550327176,16.68718803,11.60972114
0,10.36446345,81.16565249,30.44723574
0,6.095686027,39.71865328,18.02785246
0,11.78701308,87.42723594,32.93982888
0,12.95716928,20.85687439,22.70531108
0,9.379727268,16.96740771,17.47579118
0,11.6839475,63.15107633,29.58567102
0,1.417775541,54.93065188,9.981302346
1,0.812271281,54.30858623,7.640146996
0,6.47636832,69.60268556,22.34612933
0,3.098700364,72.00535425,15.46932392
0,12.86393267,66.86940702,32.10099519
0,7.181531261,52.25547386,21.49221806
1,12.48362455,72.79291833,31.96256323
0,0.812271281,62.86157193,8.104271239
0,10.48095561,63.72977589,28.41000991
0,9.116820699,56.50168867,25.17275084
0,4.550327176,28.5596111,13.89031413
0,1.918881261,17.48690757,6.803275962
0,6.095686027,73.72282031,22.22895378
0,10.71005189,36.25623757,23.90746222
0,12.48362455,83.29231555,33.6434192
0,7.347857226,55.73486788,22.57249898
1,1.417775541,61.19489027,10.1169866
0,4.019769102,16.80732471,10.80354651
0,4.291737357,32.80623568,14.20978623
0,12.76997601,16.92739754,20.4794629
0,4.019769102,53.68596702,15.83062654
0,2.354360082,17.16735364,7.6128229
0,1.417775541,40.88001416,9.443542125
0,0.812271281,61.26742749,8.021341751
0,6.288664095,21.13249097,14.81434375
0,3.426487989,17.24728336,10.6785469
0,0.812271281,34.81878615,6.344190622
1,0.812271281,35.6515387,6.408938905
0,4.019769102,17.24728336,10.62871959
0,1.918881261,28.21325717,9.869133395
0,4.019769102,46.50205258,15.5008408
0,2.743799084,44.49790137,12.82219831
0,11.36891302,68.66857448,30.17214817
0,6.095686027,45.87185011,18.74265943
1,10.59613826,73.9015424,29.72909107
0,12.76997601,61.63001355,31.12190267
0,12.95716928,82.33584874,34.31252749
1,3.098700364,58.17858645,14.45747777
1,5.896996055,72.9002618,21.51058575
0,7.980002464,37.08643709,20.49830304
0,3.098700364,80.38478993,15.54941928
0,12.09071189,78.46559957,32.28426333
0,5.692092909,57.7779348,20.27124929
0,11.6839475,48.61032399,27.59832311
0,1.918881261,45.79766477,10.39077924
0,3.732277839,24.34195714,11.67614372
1,3.426487989,65.53559637,16.41129206
0,12.57983865,16.72724072,20.9911214
0,12.57983865,84.95523713,33.94045854
1,10.93422401,81.23661082,31.25812226
0,12.95716928,82.08773448,34.45237169
0,8.423987519,16.48681701,15.97011005
0,12.95716928,17.08739619,20.91188772
0,0.812271281,54.93065188,7.675594564
0,9.760782001,50.34339775,25.45982441
0,7.347857226,20.81747828,16.76265699
0,10.12737771,40.84259098,24.1192322
0,9.884510807,47.90836851,25.12308708
0,9.116820699,61.70251082,25.85230306
1,6.47636832,66.43704882,22.16031218
0,2.354360082,20.58098339,8.31342519
0,12.09071189,83.78792297,32.86665373
0,1.918881261,69.9616983,11.85883753
0,12.38662351,21.25052933,21.94662409
0,7.826575027,80.66880821,26.0263465
1,3.732277839,66.00447134,16.79024456
0,12.86393267,20.50210643,21.876731
0,0.812271281,20.42320664,4.998238507
0,12.95716928,21.09313382,22.64585984
1,5.692092909,43.56770389,17.70486343
0,12.38662351,74.18742764,32.46879212
0,4.550327176,59.70639014,17.78973391
0,10.82273494,63.07870993,28.60411469
0,3.732277839,31.47201909,13.23562192
0,5.261241353,71.53965995,20.52173532
0,2.354360082,71.96953997,13.63394364
0,12.76997601,65.64382141,31.83018625
0,12.76997601,52.03513018,30.03823845
1,11.15375786,77.68266006,30.85667931
0,7.826575027,58.54262918,23.37950839
0,7.181531261,17.64652093,15.00104231
0,12.67528347,48.68416821,28.61410533
0,9.760782001,43.53046427,24.12727185
1,1.417775541,54.67457378,9.672962715
1,9.379727268,76.43580078,28.4223121
0,10.12737771,83.54014798,30.05433705
0,12.95716928,62.86157193,31.42454106
0,9.249207563,17.28723787,17.13834954
0,12.95716928,53.3561185,29.88430333
0,0.812271281,20.26533818,4.980229339
0,12.95716928,16.88738032,20.87199034
0,11.26186749,21.56505775,20.9998795
0,10.82273494,44.75808625,25.818928
0,12.09071189,67.08550439,30.75181809
0,0.812271281,17.36712626,4.630963753
0,7.011477857,16.76728627,14.6418179
0,0.812271281,40.58055451,6.771794845
0,1.417775541,43.41873064,9.27634756
1,10.93422401,82.37128886,31.59833039
0,8.982489749,43.49322219,22.77421061
0,0.812271281,36.67151799,6.486807336
0,7.826575027,46.87245093,21.87613797
0,3.426487989,54.56479754,14.90188137
0,5.261241353,77.00598907,20.87598858
1,12.95716928,51.26335499,29.41321109
0,0.812271281,17.44698728,4.641104165
0,4.291737357,16.12569119,10.42976802
0,9.760782001,16.88738032,17.86779367
0,3.426487989,21.05377114,10.99034949
0,2.354360082,58.46983475,13.11762091
0,12.95716928,86.75681156,34.62175903
0,6.47636832,20.58098339,14.959086
0,12.09071189,83.15067115,33.33641986
0,11.36891302,36.44504649,24.89609143
0,2.743799084,40.9174347,12.62710467
0,12.95716928,84.03564071,34.52918853
1,12.57983865,65.60774794,31.35571667
0,12.48362455,47.64955309,28.33672519
0,3.732277839,36.14291595,13.71860612
0,10.93422401,71.7904477,29.57146767
0,6.095686027,17.24728336,14.10286853
0,11.6839475,21.36851833,21.38662243
0,11.78701308,17.52682106,19.30245258
0,3.426487989,72.39921982,16.83198675
0,11.6839475,28.63653501,23.07934363
0,10.24661915,48.16707573,25.80447895
0,2.743799084,41.17930472,12.25754885
1,11.6839475,50.60111614,28.11492493
0,12.76997601,65.71596371,31.71844134
0,5.261241353,55.69833225,18.27308281
0,10.00669167,40.28092436,23.61266991
0,12.1901866,72.75713444,31.76592567
0,11.57992601,47.42762468,27.55184803
1,10.24661915,76.79220722,29.79329914
1,11.57992601,75.82961165,31.50759234
0,12.95716928,74.97317011,33.09276898
1,8.130622519,32.84429432,19.72182062
1,4.550327176,47.7974609,16.53834888
1,8.707660582,44.83240329,22.30630038
0,11.15375786,37.31260594,24.52325637
0,1.918881261,40.61799626,10.25237483
0,12.95716928,20.93564981,22.65075358
0,9.508451863,65.75203255,26.81959381
0,1.417775541,51.81471412,9.742695115
0,11.15375786,50.08557708,27.0669445
0,5.261241353,40.24345853,16.89321151
0,0.812271281,55.33287333,7.698362626
0,4.291737357,72.93604021,18.51208217
0,0.812271281,40.28092436,6.750655149
0,0.812271281,16.84735605,4.564174117
0,11.36891302,51.04268281,27.6421956
0,12.57983865,61.95619915,31.08862931
0,5.261241353,16.6471282,12.4068131
0,12.57983865,76.29320191,32.81409235
1,11.26186749,57.88722478,28.4555911
0,5.692092909,31.77735848,16.54967855
1,4.019769102,61.91996291,16.96017341
0,5.261241353,51.63097853,18.41696118
1,11.57992601,75.68692404,31.55707198
0,11.04455392,37.38797209,24.85819679
0,12.76997601,76.15058223,33.19456338
1,5.261241353,73.61557084,20.56264112
0,6.837452733,53.13613161,21.42835007
0,4.291737357,60.90467443,17.29535247
0,7.980002464,21.87924069,16.76606405
0,0.812271281,54.67457378,7.661037108
0,10.59613826,65.39127466,28.46966377
1,12.57983865,76.75657239,33.06808114
0,0.812271281,60.83210368,7.998428236
0,8.130622519,32.88234958,19.79355189
0,12.95716928,61.66626302,30.90385909
0,4.291737357,17.76616027,12.01353969
0,3.426487989,57.59574911,15.31740429
0,4.019769102,58.43343489,16.87161943
0,0.812271281,40.0935683,6.737380092
0,6.47636832,54.16213766,20.67279901
0,0.812271281,17.24728336,4.615686601
0,7.980002464,59.34290587,23.85798608
0,0.812271281,57.88722478,7.840266683
0,1.918881261,63.91053548,11.453515
0,6.47636832,69.02796446,22.69395702
0,12.1901866,76.0079417,32.09981104
0,0.812271281,17.20732196,4.610576329
0,3.098700364,24.49766414,10.39077924
0,10.71005189,16.88738032,18.86039509
0,3.098700364,46.98352621,13.31255093
0,3.426487989,36.21846673,13.27290895
0,12.95716928,70.03348359,32.5939248
0,3.732277839,39.83115631,14.00559829
0,12.48362455,81.37851296,33.28235859
1,7.181531261,72.00535425,24.01190436
0,12.95716928,72.6497745,33.16362221
0,8.566979552,16.6070612,16.02973971
0,1.417775541,21.05377114,7.065376356
0,12.76997601,53.46608554,29.63082063
0,6.837452733,51.48395354,20.99177857
0,11.6839475,76.22189468,31.26105774
0,8.982489749,17.3271855,16.79099886
0,10.82273494,17.00741087,18.94852247
0,11.04455392,60.36022922,28.66342653
0,6.47636832,16.80732471,14.03034866
0,12.09071189,76.40015301,32.33323338
0,9.508451863,58.46983475,26.00644561
0,8.846132431,16.36650763,16.34044344
0,7.510676277,61.4849991,23.26400055
1,7.670188277,73.43679461,24.7526069
0,11.04455392,49.71708321,27.09089076
1,8.707660582,56.10012214,24.50960335
1,6.288664095,73.00759293,22.28480914
0,9.884510807,66.65325523,27.39053685
0,3.098700364,16.68718803,9.439436652
0,11.36891302,20.85687439,20.91431979
0,11.47492333,32.08247342,23.52198288
0,8.707660582,65.17474556,25.84750487
0,4.291737357,29.75018415,13.77698667
0,0.812271281,17.24728336,4.615686601
0,5.033832265,20.14687619,12.82783599
0,11.36891302,75.61557236,31.193199
0,11.26186749,79.2123822,31.344772
0,8.982489749,71.53965995,26.99790999
0,10.36446345,16.96740771,18.44920142
0,4.797235578,17.12737839,11.76997955
0,0.812271281,66.18473871,8.272432394
1,7.181531261,62.60817045,23.44586942
0,12.09071189,76.54273631,32.04908104
1,8.846132431,32.50164434,20.96017662
0,12.48362455,47.98229587,28.07964784
0,7.347857226,65.71596371,23.29512399
0,6.659184132,79.35456403,23.85719108
0,5.033832265,53.3561185,17.8179174
0,8.846132431,58.76097033,24.94194053
1,12.86393267,20.89626489,22.80098293
0,7.980002464,16.52690563,16.04109854
0,12.86393267,39.68114682,27.3088429
1,3.426487989,68.74046418,16.07338824
1,11.47492333,43.90275009,26.31422607
0,12.28881721,59.45196928,30.10503709
0,7.670188277,17.28723787,15.98580844
0,3.098700364,58.54262918,14.829017
1,12.95716928,88.90780602,35.07208316
0,0.812271281,16.84735605,4.564174117
0,4.550327176,36.55829572,15.04956664
0,9.379727268,21.17184259,18.71512086
1,11.6839475,69.27945066,31.05816778
0,7.510676277,58.61541659,22.82714345
1,1.417775541,40.1310449,8.984527827
0,12.95716928,51.81471412,29.46765861
0,12.28881721,52.80601864,28.96471197
0,12.95716928,84.35405113,34.45599604
0,3.098700364,67.98532876,15.3393904
1,8.423987519,16.88738032,15.92322264
0,10.71005189,59.12473226,28.09264144
0,11.88914699,49.20083568,27.88680343
0,5.48039866,77.50463352,21.05919579
0,12.95716928,87.35668394,34.969946
0,4.019769102,16.2059928,10.90336328
0,0.812271281,16.6471282,4.538069676
0,4.797235578,66.97746249,19.16059912
0,9.116820699,23.83538491,18.63102753
0,11.88914699,17.36712626,19.99067874
0,6.095686027,16.88738032,13.38464566
0,6.659184132,36.897882,18.69825926
0,12.57983865,44.94386101,28.24292708
1,4.797235578,57.37706715,17.72443401
1,1.417775541,20.50210643,6.281245581
0,11.99037249,77.57584796,32.09018555
1,7.980002464,75.65124886,25.72430904
0,0.812271281,27.71239412,5.741669017
1,2.743799084,62.17358196,13.4057203
0,0.812271281,17.60662772,4.661279827
0,11.99037249,79.49672597,32.70534115
0,8.982489749,17.24728336,16.95575346
1,7.826575027,78.963516,25.79731184
0,12.67528347,57.66862876,30.02828656
0,4.550327176,73.9015424,19.96890097
0,12.09071189,82.83190224,33.09550149
0,7.011477857,17.16735364,14.1441678
0,4.291737357,16.84735605,11.34086572
0,12.86393267,21.76146222,22.4406666
1,10.12737771,55.00380002,26.23561654
0,12.76997601,20.26533818,22.30178022
0,6.837452733,65.67989333,22.49558635
0,10.93422401,19.47459243,20.13107455
0,11.26186749,79.56779949,31.44893106
0,12.28881721,47.57558586,28.18628027
0,12.95716928,16.68718803,21.08610007
0,4.291737357,16.72724072,10.9804268
0,3.426487989,17.08739619,8.660489768
1,2.743799084,66.25683494,14.17678406
0,7.181531261,61.23115972,22.60515729
0,12.95716928,88.52022531,35.09609082
0,6.659184132,35.31104977,18.85069955
0,12.67528347,48.20402511,28.87504303
0,10.00669167,43.8283125,24.86464208
1,11.88914699,51.44719222,28.27716602
1,7.181531261,78.71458853,24.71342298
0,0.812271281,69.88990726,8.452952305
0,3.098700364,40.76773668,12.6453198
0,2.354360082,69.49495362,13.70589191
0,12.95716928,82.44216553,34.35468833
0,12.95716928,70.8944616,32.76474571
1,5.261241353,58.68819696,18.86124999
0,3.426487989,21.05377114,10.1968146
0,10.48095561,58.72458452,27.87356061
0,11.26186749,16.6471282,18.93498595
0,0.812271281,16.48681701,4.51701447
0,10.12737771,85.27337734,30.28274127
0,1.918881261,55.18663734,11.56112595
0,12.86393267,16.72724072,20.8802069
0,3.732277839,17.24728336,10.32093681
0,1.918881261,59.23382687,12.16791223
0,12.67528347,62.71678084,31.13160996
0,0.812271281,53.86914821,7.614931515
1,12.95716928,87.77992929,35.08081292
0,4.550327176,57.52286231,17.47990262
0,12.86393267,62.680579,31.39437599
0,0.812271281,54.93065188,7.675594564
0,8.566979552,47.27962776,23.20297236
0,5.692092909,16.2862649,13.18089685
1,11.36891302,73.50830917,31.01751154
0,0.812271281,17.00741087,4.584889138
0,2.743799084,55.00380002,13.43687456
0,11.47492333,16.56698702,19.13147817
0,11.36891302,29.63512862,23.04886852
0,3.732277839,72.32762035,17.35483829
0,6.837452733,48.46260949,20.90480863
0,0.812271281,16.84735605,4.564174117
0,9.508451863,50.63792473,24.60712485
0,10.24661915,16.84735605,17.9105559
0,12.09071189,16.80732471,20.23127181
0,12.57983865,83.8587053,33.88434641
0,12.67528347,81.13017151,33.61742323
0,11.36891302,69.85400959,30.42792839
0,4.291737357,51.96166622,16.51563401
0,12.09071189,79.81651782,32.70576396
0,7.181531261,42.03883565,19.89971651
0,6.288664095,44.72092416,18.9774903
0,6.837452733,68.56072893,22.74431085
0,7.980002464,65.46343861,24.62695204
0,5.033832265,58.83373669,18.7238279
0,12.76997601,21.80072704,23.17102259
0,10.59613826,76.18623911,30.27092687
1,9.884510807,83.3985365,29.9298918
0,1.918881261,16.72724072,7.227294571
0,9.760782001,57.26770189,26.29984278
0,11.47492333,43.64217575,26.41447247
1,1.417775541,52.32890573,8.58634049
0,12.95716928,87.63886527,34.92610798
1,10.24661915,79.78099034,29.9894538
1,12.38662351,76.64966017,33.09577471
0,11.99037249,78.03861767,32.6187153
0,12.95716928,70.28468699,32.77196741
0,8.846132431,69.24352842,26.49002746
0,5.896996055,69.60268556,21.04571162
0,12.95716928,71.18127271,32.97801497
0,7.826575027,16.96740771,15.52948628
0,11.36891302,21.13249097,20.47387241
0,8.278574712,62.1373556,24.44044889
0,10.12737771,16.12569119,17.98000347
0,0.812271281,21.60434939,5.130020365
0,1.417775541,39.86865188,9.209132012
0,3.098700364,17.80602668,9.056695044
0,10.48095561,74.50894585,29.68323992
0,7.347857226,21.32919413,15.56432974
0,12.1901866,16.80732471,20.22262836
0,10.71005189,28.79033561,22.36803452
0,10.93422401,77.50463352,30.73789851
1,2.354360082,55.11350806,12.53216439
1,8.423987519,70.14115078,25.8163261
0,10.12737771,57.7779348,26.97874986
0,4.019769102,68.05727447,17.5450324
1,12.38662351,80.84627996,33.23617337
0,1.918881261,70.78688413,12.17504234
0,11.15375786,17.12737839,19.22912759
0,0.812271281,32.69203943,6.173729224
0,12.1901866,83.92948296,33.26592657
1,8.278574712,57.81436658,23.8640259
0,5.261241353,69.31537144,19.49454999
0,4.797235578,65.96841326,18.66325531
1,12.48362455,48.31486011,28.5905129
0,8.846132431,56.61116828,24.92018183
0,10.12737771,57.55930661,26.92771812
0,4.291737357,37.16183847,15.05054317
1,7.980002464,46.53910266,22.12752035
0,7.181531261,20.69925625,16.07171462
0,12.38662351,16.84735605,20.55433758
0,10.82273494,66.8333855,28.8823562
0,10.12737771,21.40783707,19.45211509
0,10.59613826,16.24613253,18.30195565
0,7.980002464,16.68718803,15.33425133
0,9.508451863,83.78792297,29.26929803
1,9.116820699,74.15169669,27.45439881
0,7.347857226,54.78433292,22.16739155
0,6.837452733,40.61799626,19.19562059
0,12.95716928,51.74122596,29.45126839
0,3.426487989,32.69203943,12.72118734
0,8.566979552,63.765931,25.01807072
0,7.011477857,61.59376243,22.37308194
1,7.181531261,77.50463352,24.54754663
0,0.812271281,61.91996291,8.055471618
0,12.67528347,69.9258035,32.32117267
0,1.918881261,17.48690757,7.116128215
0,11.36891302,59.16109887,28.91642107
0,12.28881721,83.71713597,33.45501333
0,12.86393267,17.72628719,21.41043196
1,5.261241353,62.4995454,19.11218785
0,1.417775541,55.0769406,9.464014084
0,8.423987519,65.17474556,25.50958111
0,9.508451863,53.09946026,25.37221677
0,0.812271281,17.64652093,4.666302039
0,0.812271281,68.81234802,8.401172848
0,3.426487989,54.89407498,15.10112043
0,5.48039866,40.99226786,16.9054673
0,5.896996055,72.61398511,21.68730505
0,6.288664095,60.97723845,21.20441868
0,12.86393267,21.44715037,22.79064033
0,11.15375786,47.61257059,26.75068632
0,8.278574712,69.85400959,25.89874073
0,4.550327176,59.63370708,17.79465739
1,6.095686027,65.82416561,20.9998795
1,12.95716928,83.78792297,34.23791539
1,12.86393267,76.36450395,33.2035736
1,2.743799084,36.70925277,11.45985335
0,9.249207563,54.23536578,25.20337049
0,2.743799084,39.15576809,11.81755402
1,1.417775541,35.76497939,8.522703548
1,10.93422401,47.50160973,26.33699973
1,3.732277839,59.16109887,16.08007857
0,12.57983865,62.71678084,30.78604987
0,12.67528347,17.48690757,20.8205103
0,9.760782001,52.32890573,25.36350877
0,10.71005189,76.75657239,30.29411313
0,0.812271281,16.32638992,4.495803831
1,0.812271281,62.46333378,8.083696375
0,8.566979552,36.06735304,21.08241661
0,3.426487989,17.3271855,10.14178176
0,12.1901866,70.75102214,31.78386485
0,0.812271281,58.54262918,7.875954887
0,11.6839475,17.20732196,19.82009798
0,3.098700364,40.43076083,13.01832605
0,1.918881261,16.08552926,7.048304958
0,5.48039866,17.40706019,13.23562192
0,5.033832265,51.1162484,18.04405143
0,7.011477857,75.68692404,23.96501636
1,8.278574712,69.06389543,25.57856085
0,7.980002464,46.68728018,22.03967057
0,10.59613826,17.60662772,18.96709679
0,11.36891302,66.29288077,30.05811652
0,12.09071189,62.46333378,30.21964959
0,12.09071189,62.1011276,30.28653312
1,7.181531261,62.1373556,22.64549724
1,8.982489749,43.23245853,23.12263097
1,4.019769102,62.86157193,17.19985421
0,1.918881261,20.81747828,7.549030813
0,6.659184132,62.89776564,22.11213735
0,5.033832265,20.62041335,13.40125622
0,0.812271281,17.16735364,4.605457051
0,7.347857226,17.08739619,15.31834138
0,12.86393267,16.72724072,20.75024917
0,12.38662351,86.75681156,33.77630203
0,10.12737771,76.82784075,29.29723199
0,6.837452733,62.24602975,22.07935937
0,12.48362455,17.72628719,20.4750374
0,12.57983865,69.4231251,31.80481098
0,0,17.04740702,4.610576329
1,10.59613826,70.06937408,29.35700559
1,2.354360082,39.23085528,10.78602741
0,12.09071189,62.24602975,30.29712653
0,1.417775541,62.02866667,10.46954848
0,6.659184132,17.3271855,14.33404744
0,11.26186749,45.79766477,26.19545784
0,0.812271281,17.24728336,4.615686601
0,5.896996055,16.56698702,13.58281153
0,8.130622519,76.89910395,25.91550424
0,6.837452733,46.09435052,20.21181122
0,4.019769102,47.24262293,15.41091752
0,0.812271281,16.40661803,4.506428748
0,6.659184132,66.94144551,22.46585679
0,6.288664095,47.27962776,19.57562549
0,12.67528347,79.42564748,33.8578708
1,0.812271281,21.09313382,5.073610291
0,12.95716928,79.42564748,33.99861775
0,12.76997601,54.19875268,29.98034448
0,12.38662351,78.82127925,32.71168177
0,3.426487989,20.77807656,10.10513399
1,10.24661915,83.8587053,30.17928145
0,9.379727268,39.38099649,22.7288748
0,8.423987519,49.42213575,23.30221359
0,7.181531261,69.13575299,23.76820576
0,3.098700364,64.8137391,14.90687602
0,9.116820699,61.44874133,26.01984472
0,3.732277839,17.3271855,10.76222699
0,12.95716928,56.0270861,30.27239354
1,12.86393267,37.42565078,26.93775766
0,5.692092909,72.79291833,21.07612939
0,11.47492333,40.0935683,25.51105657
0,12.38662351,21.36851833,22.0511115
1,5.896996055,68.84828775,21.22980395
0,6.659184132,17.64652093,14.64858117
0,12.38662351,52.1085861,29.19247635
0,5.896996055,58.90649605,20.45240719
0,0.812271281,55.29631715,7.696298216
0,11.57992601,47.83443232,27.41766645
0,3.732277839,17.88573952,9.879102334
0,7.670188277,54.49160386,22.89424627
0,8.707660582,68.63262743,26.07909936
0,8.130622519,74.47322696,26.13233742
0,8.566979552,52.32890573,23.95337609
0,0.812271281,20.81747828,5.042800076
0,5.261241353,54.38179902,18.45941742
0,5.692092909,61.88372503,20.17516745
0,10.59613826,77.07723939,30.0843629
0,6.288664095,78.963516,23.19068396
0,12.76997601,62.02866667,31.44932152
0,8.423987519,48.64724718,22.67048286
0,6.095686027,54.8209155,19.96691828
0,9.116820699,33.03453692,20.76556365
0,2.354360082,59.08836391,12.84962946
0,5.692092909,69.9616983,20.69347717
0,5.896996055,62.60817045,20.5191865
0,6.288664095,48.05621442,20.33594919
0,11.78701308,77.43341397,31.94518579
0,10.82273494,20.97502915,19.96989214
0,7.826575027,17.28723787,15.00989216
0,9.884510807,47.61257059,24.86306696
0,9.760782001,17.24728336,17.77362762
0,1.918881261,61.15861916,11.93219175
0,0.812271281,36.21846673,6.452411068
0,1.918881261,16.92739754,7.40934461
0,12.09071189,75.18735175,32.16955444
1,1.918881261,62.17358196,12.23566808
0,12.57983865,82.08773448,33.69473167
1,8.130622519,76.40015301,25.99533009
0,11.78701308,79.95861539,32.33817051
0,5.48039866,46.57615046,18.42963255
1,10.12737771,72.25601536,28.75116186
0,12.76997601,66.90542702,31.76820755
0,4.291737357,75.54421543,18.99907564
0,2.354360082,16.56698702,8.547937519
0,0.812271281,40.50566301,6.766521433
0,12.57983865,20.97502915,21.71835782
0,6.837452733,58.61541659,21.55192483
0,9.249207563,72.79291833,27.55173792
0,0.812271281,76.79220722,8.771749861
0,6.095686027,60.94095728,21.10903155
0,7.980002464,72.47081376,25.03074887
0,5.692092909,68.34499813,20.90502995
0,0.812271281,54.85749619,7.671440771
0,4.797235578,63.47664538,17.92411052
0,8.278574712,40.20599001,21.34195874
0,2.354360082,62.17358196,13.14967813
0,10.48095561,54.63798361,27.12785442
0,5.48039866,21.32919413,14.07613059
0,10.71005189,69.53086571,29.41962481
0,3.426487989,36.14291595,13.12565185
1,9.635448939,64.95816042,26.74973596
0,12.57983865,62.4995454,30.86004383
1,7.510676277,75.25873504,24.75405513
0,11.47492333,42.67326895,26.30430871
0,1.918881261,16.68718803,7.287417483
0,0.812271281,17.76616027,4.681317145
0,6.288664095,39.38099649,18.52489399
0,1.918881261,43.3069748,9.895256845
0,11.6839475,20.58098339,21.21360022
0,0.812271281,54.52820165,7.652694359
0,9.760782001,32.73010824,21.76312863
0,3.426487989,58.54262918,15.5126778
0,12.48362455,21.48645825,22.37737935
0,0.812271281,55.22319915,7.692166158
0,12.38662351,70.67929391,31.95792168
0,11.88914699,68.88422601,31.0641373
0,2.354360082,20.30481393,7.804257326
1,9.760782001,57.99649873,26.64430297
0,12.1901866,43.04612441,27.0456003
1,11.15375786,87.67413294,32.4785566
0,0.812271281,16.84735605,4.564174117
0,11.15375786,20.26533818,20.01264479
0,6.095686027,21.25052933,14.6740086
0,1.918881261,65.35519036,11.81501609
0,0.812271281,55.04037125,7.681817065
0,12.95716928,69.27945066,32.7129495
1,11.78701308,75.15165812,31.6409855
0,4.550327176,17.04740702,11.11567858
0,4.797235578,61.01351795,18.24379011
0,11.88914699,79.39010638,32.50450984
0,9.379727268,17.60662772,17.27635389
0,11.26186749,74.33033802,30.70942818
0,5.896996055,72.61398511,21.72881822
0,9.116820699,17.16735364,17.43868322
0,12.95716928,21.80072704,22.3440671
1,12.95716928,60.32391933,30.89461816
0,3.732277839,52.07185915,15.80934358
0,6.837452733,16.96740771,14.0841073
0,0.812271281,65.35519036,8.231030468
0,9.249207563,53.61268097,25.16692098
0,5.896996055,62.86157193,21.00994014
1,12.76997601,58.97924842,30.59031989
1,12.95716928,71.21711775,32.4917551
0,7.826575027,62.680579,23.95195941
0,5.48039866,64.56094144,19.49928023
0,12.95716928,67.6974865,32.5245469
1,4.550327176,76.29320191,19.50558284
1,3.732277839,63.15107633,15.90823535
0,11.47492333,83.29231555,32.2198623
0,0.812271281,17.00741087,4.584889138
0,10.24661915,36.82243923,23.35806494
0,8.130622519,17.60662772,15.91808789
1,4.291737357,58.83373669,16.97415176
0,7.011477857,76.07926458,23.76579773
0,8.423987519,71.89790724,26.02583671
0,5.033832265,57.70506589,18.53114311
0,9.379727268,62.57196373,26.57724089
0,10.00669167,68.12921426,28.29393695
1,4.019769102,39.56861102,14.60370423
0,12.48362455,16.76728627,20.51130336
0,4.019769102,61.77500147,16.52504227
0,5.48039866,62.06489796,19.40333885
0,12.86393267,80.27826287,33.99619969
0,0.812271281,39.4185249,6.689183078
0,8.130622519,76.64966017,26.19483107
0,0.812271281,54.49160386,7.650605907
0,5.896996055,40.01860699,17.7792195
0,1.918881261,66.43704882,12.40984875
0,12.48362455,62.02866667,30.72512443
0,0.812271281,17.80602668,4.686305118
1,0.812271281,40.58055451,6.771794845
1,8.423987519,61.73875697,24.92430974
0,9.635448939,16.6471282,17.52395454
0,0.812271281,62.64437554,8.093061426
0,0.812271281,35.76497939,6.417676375
0,4.797235578,65.49951826,18.29091101
0,11.99037249,80.52680885,32.55889222
0,6.837452733,65.35519036,22.63787917
0,5.896996055,71.39632189,21.48146827
0,12.95716928,21.99697135,23.10609894
0,11.36891302,74.43750673,30.95329392
0,4.019769102,17.40706019,10.06939833
0,12.95716928,87.81519252,35.05877237
0,6.47636832,82.44216553,23.82118694
0,6.288664095,17.20732196,13.93540723
0,1.417775541,53.31945891,9.264977594
0,11.04455392,43.8283125,26.19382815
1,7.670188277,66.04052787,24.08421163
0,3.098700364,17.16735364,9.642939845
0,4.019769102,69.71040451,17.31465156
0,3.732277839,44.46072252,14.59217256
0,12.86393267,86.96856814,34.67224108
0,4.291737357,62.28225118,17.74197008
0,0.812271281,17.04740702,4.590044812
0,12.86393267,52.62255341,29.67633726
0,12.57983865,76.82784075,32.93415664
0,8.707660582,80.42029649,27.36591526
0,7.510676277,66.00447134,23.76001592
0,6.837452733,39.26839473,19.09284988
0,3.426487989,16.2059928,9.644249255
0,6.47636832,54.8209155,21.4129344
0,11.78701308,80.98823545,32.45010324
0,12.95716928,17.48690757,20.9511572
1,12.95716928,80.704305,34.09111735
0,2.354360082,21.21118871,8.823963005
0,5.692092909,16.84735605,13.00263434
1,11.99037249,80.06517562,32.30779036
0,4.291737357,48.31486011,16.27211008
0,8.278574712,63.07870993,25.12308708
0,12.86393267,16.32638992,20.68234913
0,11.57992601,17.68640742,19.92018491
0,12.76997601,69.56677636,32.1969005
0,12.86393267,69.53086571,32.30487923
1,12.67528347,57.96007586,30.2812759
1,0.812271281,65.89629251,8.258078614
0,12.95716928,89.89378052,35.34610217
0,7.510676277,66.5091237,23.79801434
0,8.566979552,73.04336724,26.09911202
0,4.291737357,17.16735364,11.56822225
1,11.47492333,77.54024138,31.50588252
0,4.291737357,18.0052591,11.60091889
0,9.379727268,20.38374815,18.27677486
0,4.550327176,17.28723787,12.00210996
0,6.659184132,78.60788652,23.51769735
0,12.57983865,66.07658288,31.15956443
0,6.095686027,69.17167959,21.79091935
0,3.098700364,76.57837889,15.57154699
0,6.095686027,44.83240329,18.60927056
0,10.93422401,40.88001416,25.03933256
0,11.36891302,87.85045464,32.67344821
0,10.12737771,79.2123822,29.78250276
0,12.48362455,21.87924069,22.28216628
0,1.918881261,28.86721238,8.798726217
1,12.28881721,75.97227831,32.57164927
0,12.09071189,52.95275522,28.81783487
0,4.550327176,21.01440292,12.8264271
0,0.812271281,47.27962776,7.217959859
0,11.26186749,60.65064731,28.99138597
0,7.347857226,43.97717793,21.09757354
0,12.95716928,89.22481922,35.36027558
0,12.95716928,20.34428392,22.34575441
0,12.28881721,36.59603947,25.9095757
1,11.15375786,61.88372503,29.0815666
0,3.426487989,17.24728336,9.9922524
0,12.95716928,51.1162484,29.88448176
0,6.659184132,43.60494105,19.47401975
0,1.417775541,17.60662772,6.158092211
1,2.354360082,72.86448201,14.33076596
0,1.918881261,61.99243373,12.09046901
0,12.95716928,87.81519252,34.94949454
0,3.098700364,39.75615702,13.01900733
0,10.93422401,64.99426184,29.00691647
1,12.67528347,73.29374918,32.40794961
0,3.732277839,72.82870086,17.1185704
1,3.732277839,57.92365121,16.02889755
1,12.09071189,69.17167959,31.12559398
0,11.78701308,88.37925399,33.33608479
0,4.797235578,43.3069748,16.75052961
0,5.033832265,16.48681701,12.51655561
0,6.837452733,51.336896,20.92911817
0,2.743799084,71.25296139,14.65377876
0,0.812271281,16.6070612,4.532820301
0,12.95716928,20.26533818,22.08978437
0,1.417775541,16.04535989,6.906298111
0,9.508451863,17.16735364,17.38057997
0,10.00669167,17.04740702,17.93860593
1,12.86393267,55.69833225,30.24864519
0,1.417775541,59.015622,10.498079
1,7.510676277,72.04116714,24.44029932
0,0.812271281,54.9672269,7.677669821
0,0.812271281,20.54154776,5.011675625
0,12.28881721,58.46983475,29.91192731
0,1.918881261,51.48395354,11.37132874
0,5.033832265,40.58055451,16.1175896
0,8.566979552,79.74546162,27.06809701
0,0.812271281,55.47907932,7.706609505
0,2.354360082,36.59603947,10.25237483
0,1.417775541,55.18663734,9.983737883
0,12.95716928,82.97358912,34.39720651
0,9.116820699,22.15387168,18.25829651
0,5.48039866,66.72531188,20.20411034
0,7.011477857,16.76728627,14.91236563
0,8.130622519,41.06709048,21.50068443
0,9.760782001,16.2862649,17.27212518
0,8.423987519,58.43343489,24.0708513
0,6.837452733,59.19746374,21.71916291
0,9.760782001,21.09313382,19.32477438
0,3.732277839,35.99177795,13.72042023
0,12.28881721,79.67440049,32.89389298
0,1.417775541,16.6471282,5.59285925
0,12.76997601,68.74046418,32.27908572
0,6.837452733,17.16735364,14.44030098
1,2.354360082,58.54262918,13.11561144
0,1.417775541,58.54262918,10.05982335
0,12.48362455,29.67348425,24.53066841
0,7.347857226,16.40661803,15.42982985
0,6.47636832,16.44672115,13.79194178
0,1.417775541,48.49954138,9.522195759
0,10.82273494,17.40706019,19.02646169
0,10.24661915,28.82877595,21.73986846
0,7.347857226,76.79220722,24.39126282
0,5.033832265,35.6515387,16.51013996
1,7.347857226,78.60788652,25.17774512
0,7.510676277,40.43076083,20.27888749
0,9.884510807,76.61402018,28.77343067
0,6.288664095,17.04740702,13.81936254
0,4.291737357,76.50709243,18.73223535
0,1.417775541,72.47081376,11.06611168
0,12.95716928,66.86940702,31.93251161
1,6.095686027,46.42794557,18.58006624
1,4.019769102,65.03036171,17.46893362
1,7.670188277,68.23711284,24.62885918
0,7.181531261,72.39921982,24.19410896
0,12.67528347,79.49672597,33.61775096
0,10.24661915,82.93816918,29.97255604
1,12.95716928,81.87501848,34.24047599
0,6.837452733,72.82870086,22.8503933
1,12.76997601,70.06937408,32.53448184
0,1.417775541,16.96740771,7.116128215
0,8.278574712,52.32890573,23.21490373
1,11.36891302,77.07723939,31.36271916
0,5.692092909,77.11286262,21.33901495
0,10.93422401,21.48645825,20.50805519
0,5.033832265,16.92739754,12.09448793
0,8.846132431,17.64652093,16.82560981
0,11.6839475,73.61557084,31.31132493
0,12.95716928,72.79291833,32.92446639
1,12.38662351,62.64437554,30.67805605
0,10.59613826,81.34303923,30.5258361
0,1.417775541,37.04873198,8.938813784
1,6.659184132,79.70993167,24.036276
1,11.15375786,44.23759886,25.99430737
1,7.181531261,61.41248189,22.32999373
0,0.812271281,48.46260949,7.292003238
0,3.098700364,61.4849991,15.07831244
0,0.812271281,35.99177795,6.435086511
0,10.59613826,83.15067115,30.72022679
0,11.36891302,48.57339863,26.92234419
1,11.36891302,74.36606226,30.60206719
0,3.098700364,33.03453692,11.50938949
0,8.423987519,16.88738032,16.09218805
0,10.71005189,82.47760208,30.95199136
0,11.57992601,80.2072387,31.85105269
0,12.28881721,69.78220993,31.77991443
0,12.1901866,66.86940702,30.96931998
0,12.38662351,52.69594545,29.0815666
0,9.249207563,84.21254701,29.19276079
0,6.47636832,17.04740702,14.26532188
0,8.982489749,65.78809985,26.24747138
1,12.1901866,78.10979396,32.84214332
0,0.812271281,17.24728336,4.615686601
0,11.78701308,55.0769406,28.7992892
0,0.812271281,58.14217245,7.854183221
0,10.71005189,62.28225118,28.43490503
0,0.812271281,49.12705187,7.333029146
0,12.95716928,39.56861102,27.45584326
0,11.78701308,17.44698728,19.85284404
0,10.24661915,31.2810669,22.26629266
0,12.67528347,43.86553252,27.87324002
1,8.278574712,74.18742764,25.76414668
0,6.288664095,16.96740771,13.57847904
0,12.86393267,16.96740771,20.79453954
0,4.797235578,65.57167293,18.55045328
0,9.379727268,62.24602975,26.53220972
0,10.00669167,66.04052787,27.72615654
0,11.36891302,63.15107633,29.55072646
0,12.95716928,87.60359649,34.92652279
0,2.743799084,79.53226335,15.5194972
0,4.550327176,61.5212552,18.36667102
1,7.181531261,31.92994386,18.6178043
1,5.48039866,72.79291833,20.27530797
0,12.95716928,17.68640742,21.33270343
0,11.36891302,47.24262293,27.02108764
1,12.1901866,17.08739619,19.84907242
0,8.707660582,76.93473361,27.07973029
0,1.417775541,59.70639014,10.41309672
0,8.846132431,17.52682106,17.21656939
0,6.837452733,17.28723787,14.80217476
0,2.743799084,39.56861102,11.49862147
0,4.019769102,32.27305734,13.76499577
0,4.550327176,19.55377396,11.98410006
0,7.011477857,17.40706019,14.94222641
0,2.354360082,62.86157193,12.85524008
0,12.57983865,21.21118871,22.16299152
0,8.566979552,70.35644652,25.98688952
0,8.278574712,56.75711552,23.66848016
0,0.812271281,47.68653337,7.243575261
0,11.36891302,16.80732471,19.07789929
0,0.812271281,61.4849991,8.032750217
0,12.38662351,58.68819696,30.25020112
0,12.95716928,21.01440292,22.20384678
1,8.707660582,54.34519358,24.04641242
0,11.57992601,70.57169091,31.08194735
0,1.417775541,36.52054898,8.715673478
0,9.116820699,29.40491504,20.42596595
0,12.86393267,85.94470255,34.54237463
0,0.812271281,16.92739754,4.57455017
1,12.86393267,16.88738032,20.75475633
0,8.846132431,16.96740771,16.56215888
0,3.098700364,16.80732471,8.583014841
0,1.918881261,61.81124431,11.97507257
0,12.67528347,46.94650337,28.62109341
0,10.00669167,43.12066552,24.35405665
0,11.04455392,70.28468699,29.98706662
0,7.181531261,76.11492406,24.52147664
0,2.743799084,54.19875268,13.50120387
0,1.417775541,41.32888702,8.957156671
0,11.99037249,20.54154776,20.86465529
0,6.288664095,74.33033802,22.21964204
0,4.019769102,55.00380002,16.49559904
0,11.04455392,16.6471282,19.07013586
0,2.743799084,61.33995803,14.37383378
1,12.86393267,54.38179902,30.19735598
0,0.812271281,16.68718803,4.543309501
0,6.095686027,62.71678084,21.03591129
0,12.95716928,79.2123822,34.09736992
0,2.354360082,43.679408,11.81501609
0,11.6839475,43.2697179,26.36884766
0,0.812271281,55.77140165,7.723051882
1,8.278574712,65.75203255,25.10312346
0,1.918881261,17.04740702,6.72405627
1,12.28881721,81.05920591,33.24231866
0,10.59613826,76.07926458,30.0897102
0,1.417775541,16.52690563,6.543402959
0,11.04455392,17.68640742,18.90925801
0,11.26186749,72.86448201,30.69637356
0,12.95716928,86.58031687,34.89858315
1,8.982489749,58.54262918,25.17566448
0,4.291737357,16.88738032,11.12341033
1,0.812271281,72.32762035,8.568017155
0,12.95716928,62.86157193,31.57586437
0,7.826575027,43.64217575,21.31711513
0,9.249207563,70.67929391,27.22696926
0,11.88914699,89.78818101,33.7529751
0,10.93422401,20.65983763,20.49202775
0,12.48362455,16.6070612,19.8385025
0,8.707660582,88.06200417,28.23972459
0,11.15375786,62.680579,28.94611852
0,0.812271281,17.28723787,4.620787904
1,5.48039866,69.35129078,20.91763512
0,2.354360082,37.16183847,11.06220364
0,4.019769102,52.21875493,16.19857299
0,10.24661915,76.47144725,29.121712
0,6.837452733,69.45904008,23.12589941
0,9.249207563,55.29631715,25.00255298
0,11.26186749,58.61541659,28.7780562
0,0.812271281,16.96740771,4.57972427
1,12.1901866,62.46333378,30.25832311
0,11.04455392,16.84735605,19.08039304
0,11.57992601,65.35519036,30.08199528
0,11.36891302,43.19519668,25.97600875
0,12.95716928,80.10069323,34.00198956
0,0.812271281,43.12066552,6.946712207
1,12.95716928,74.65180806,33.44764194
0,6.837452733,64.452576,22.43101631
1,3.732277839,80.52680885,17.73436522
0,5.692092909,62.97014821,20.40367104
0,9.379727268,33.45277591,21.64620182
0,4.797235578,36.40729073,15.358044
0,11.15375786,58.28781781,28.73378878
0,6.095686027,32.76817365,16.91140188
0,8.423987519,55.33287333,23.81495991
0,9.635448939,16.84735605,17.58329262
0,12.48362455,20.73866922,21.74067157
0,12.28881721,79.63886806,33.01498525
0,7.347857226,61.04979577,22.57323007
0,0.812271281,54.8209155,7.669362234
0,12.48362455,83.50474687,33.72538154
1,3.426487989,57.70506589,15.54896693
1,9.884510807,27.59671276,21.2440634
0,7.181531261,72.75713444,24.07147313
1,4.019769102,43.56770389,15.06955609
0,12.67528347,17.20732196,20.70073648
0,9.116820699,17.28723787,17.22650893
0,6.47636832,32.15871737,17.70685604
0,3.426487989,54.34519358,15.01676697
1,9.116820699,59.52466957,25.66848157
0,2.743799084,72.25601536,14.99907403
0,9.635448939,41.17930472,23.40140323
0,11.15375786,76.64966017,30.73549406
1,1.918881261,55.25975909,11.27471107
1,12.67528347,17.28723787,20.60862169
0,11.04455392,72.6497745,30.30151609
0,6.095686027,37.46332655,17.62000971
0,12.1901866,79.49672597,32.72653434
0,8.278574712,70.28468699,26.06692055
0,6.47636832,20.93564981,15.18438774
0,11.47492333,47.31663035,27.2956547
1,12.09071189,82.654767,33.25864655
0,5.033832265,33.03453692,15.94585448
1,10.48095561,46.83542132,25.53061948
0,1.417775541,55.66179475,9.834074205
0,11.47492333,17.64652093,19.46320692
0,12.86393267,85.94470255,34.49340918
0,3.426487989,39.26839473,13.47983842
0,5.692092909,49.86450607,19.16142173
0,8.707660582,77.21972461,27.3359568
0,9.116820699,76.25754895,27.8507749
0,5.692092909,62.64437554,20.10089647
0,10.48095561,50.85873283,26.16771777
0,11.57992601,58.76097033,28.94776606
0,12.95716928,65.78809985,31.94203723
0,3.426487989,16.48681701,10.00681317
0,9.249207563,65.06646001,26.65437896
1,10.48095561,88.97826103,30.96419725
0,4.291737357,79.74546162,19.2399935
0,8.130622519,58.36062988,24.15027104
0,8.278574712,46.90947828,22.73587813
1,10.24661915,54.30858623,26.70640255
0,10.71005189,17.48690757,19.16471129
0,7.826575027,59.74272908,23.36896039
0,12.38662351,49.45901163,28.62448603
1,3.732277839,24.45874444,11.58768792
0,9.635448939,72.97181726,28.03341578
1,12.95716928,84.88452667,34.57838542
0,3.426487989,16.96740771,10.64573838
0,9.249207563,17.40706019,17.40761439
0,10.00669167,80.91726014,29.34756404
0,10.36446345,86.1566147,30.76555582
0,11.04455392,71.28880362,29.83924976
0,2.354360082,51.74122596,12.06386949
1,6.47636832,65.39127466,22.22781409
0,1.417775541,36.14291595,7.875954887
1,11.47492333,55.77140165,28.63186636
1,10.00669167,65.96841326,27.65299938
0,7.181531261,39.94363486,19.69546054
0,5.48039866,25.08090168,14.82750064
0,1.918881261,21.21118871,7.187462186
0,2.354360082,65.17474556,13.27160465
1,9.116820699,66.36496784,26.50353965
0,0.812271281,58.39703326,7.868051586
0,7.181531261,44.90671081,20.72202436
0,2.743799084,70.03348359,14.68280652
0,8.566979552,81.98138187,27.59832311
0,11.57992601,16.92739754,19.64944328
0,12.95716928,73.68707184,33.20763625
0,12.86393267,20.10737724,21.94564353
1,7.826575027,80.98823545,26.45806356
0,10.82273494,65.03036171,28.95996971
0,8.130622519,66.11263635,24.81094499
1,12.95716928,65.71596371,32.05599091
1,8.982489749,70.06937408,26.54130436
0,5.261241353,59.41561654,19.0939562
0,12.95716928,58.28781781,30.95077008
0,6.837452733,32.0062156,17.86779367
0,1.417775541,61.91996291,10.16879169
0,5.48039866,16.72724072,12.80807964
0,10.82273494,16.68718803,19.26871583
0,12.76997601,31.96808147,25.26762632
0,12.86393267,17.12737839,20.75993657
0,9.379727268,76.57837889,27.86233423
0,11.88914699,47.46461832,27.58954895
0,10.93422401,39.98112228,24.82576269
0,0.812271281,29.36653276,5.890826255
0,12.1901866,82.654767,33.10799518
0,11.99037249,47.72351143,27.83191092
0,8.130622519,16.2862649,16.33682144
1,2.354360082,37.16183847,10.82202958
1,12.09071189,65.13865193,30.78497647
0,0.812271281,36.06735304,6.440870824
0,5.48039866,79.07018043,21.41064053
0,7.670188277,62.71678084,23.84048058
0,2.354360082,45.53794279,11.62026452
0,12.95716928,84.24792478,34.24415988
1,10.12737771,20.77807656,19.72897155
1,10.12737771,74.50894585,29.10987448
0,8.982489749,59.59736297,25.0272288
0,5.896996055,69.02796446,21.40918047
0,0.812271281,16.16584569,4.474435046
1,5.692092909,58.21499867,20.16138367
0,1.918881261,16.88738032,7.151964011
0,2.354360082,40.84259098,11.65264156
0,12.86393267,65.42735741,31.79722598
0,4.291737357,20.54154776,12.12493519
0,6.47636832,17.08739619,14.08068998
0,2.354360082,62.97014821,13.366063
0,7.510676277,75.43717017,24.76736879
0,2.354360082,44.27479217,11.68308736
0,2.743799084,40.9174347,12.89992764
0,2.354360082,70.64342766,13.6730738
1,7.980002464,65.35519036,24.30063208
0,1.417775541,76.75657239,11.15710011
0,7.980002464,16.56698702,15.63079152
0,0.812271281,70.06937408,8.46152056
0,0.812271281,54.52820165,7.652694359
1,3.732277839,72.6497745,17.13763126
0,5.033832265,17.36712626,12.08886062
0,11.6839475,72.86448201,31.21965647
0,0.812271281,17.16735364,4.605457051
1,10.71005189,73.54406442,29.90578449
0,6.095686027,35.91619067,17.31570275
0,5.896996055,58.28781781,19.93786587
0,10.36446345,57.59574911,27.32550196
0,7.510676277,58.57902376,22.56244047
0,3.098700364,38.62984572,12.88809156
0,6.288664095,40.24345853,18.25120112
0,1.918881261,50.26974517,10.259275
1,12.57983865,42.4121205,27.62186809
0,1.417775541,16.92739754,6.847414594
0,3.426487989,20.50210643,10.14766646
0,6.095686027,16.68718803,13.95695673
0,12.86393267,21.05377114,22.7031495
1,5.033832265,72.18440483,20.15968933
0,1.918881261,30.21006789,9.03277047
0,12.95716928,79.2834756,33.7276562
0,12.38662351,45.20384602,27.73536098
0,7.181531261,17.68640742,14.82750064
0,0.812271281,35.72716891,6.414766296
0,11.36891302,20.58098339,20.74303266
1,6.837452733,21.48645825,15.58190803
0,5.261241353,40.73030556,16.91733148
1,11.88914699,79.74546162,32.44110813
1,9.508451863,32.08247342,21.80846788
0,9.760782001,47.35363069,24.82863731
0,12.95716928,64.63317719,31.90810106
0,4.797235578,61.91996291,18.54065576
0,12.86393267,20.58098339,22.17236286
0,7.510676277,16.40661803,14.72507258
0,3.426487989,24.76997124,11.22287617
0,3.098700364,36.78471339,12.60370292
0,11.57992601,81.20113226,32.06222874
0,10.82273494,24.96433723,21.36735954
0,12.95716928,51.77797105,29.63145912
0,6.095686027,73.7943132,22.21070119
0,3.426487989,58.68819696,15.61916388
0,10.36446345,57.92365121,27.26606253
1,1.417775541,36.18069286,8.557989208
1,11.99037249,84.24792478,33.34124392
0,5.692092909,16.80732471,12.83839163
0,3.098700364,39.79365803,12.99306187
0,6.288664095,43.90275009,19.04791204
0,12.67528347,35.61371898,25.97677718
0,4.550327176,58.14217245,17.76506712
0,12.1901866,84.5309052,33.20662071
0,9.379727268,79.95861539,28.6213928
0,5.48039866,44.42354126,18.185172
0,7.347857226,17.52682106,15.51586106
0,3.098700364,16.76728627,9.270666178
0,12.38662351,87.81519252,34.47980567
0,11.88914699,68.48882455,30.77126137
1,9.884510807,72.68556252,28.6651165
0,4.797235578,17.12737839,11.61763065
1,7.011477857,28.52114321,17.31850519
1,12.86393267,41.88945018,27.8573053
0,8.707660582,51.30012652,23.672535
0,2.743799084,16.92739754,9.013235663
0,9.635448939,29.1361584,20.769163
0,12.95716928,16.80732471,20.71568895
1,5.261241353,73.47255257,20.21902423
0,9.635448939,16.92739754,17.60689357
0,7.011477857,63.58513949,22.47380663
0,12.86393267,83.2214957,34.28299553
0,0.812271281,55.18663734,7.690098507
0,12.95716928,21.32919413,22.42284255
0,3.098700364,54.8209155,13.82292998
0,7.011477857,17.04740702,14.57641344
1,4.291737357,66.25683494,17.87980495
0,12.95716928,83.64634429,34.08397687
0,3.426487989,40.39330574,13.54619568
0,3.098700364,72.68556252,15.81760417
0,4.019769102,77.68266006,18.22894617
0,4.797235578,68.84828775,19.10915219
0,0.812271281,16.56698702,4.527561336
1,10.48095561,24.84773147,20.75610801
0,6.47636832,61.37622079,21.82399288
1,5.692092909,66.11263635,20.69461185
0,1.417775541,61.99243373,10.19098998
0,4.291737357,16.48681701,10.89528882
1,1.417775541,61.95619915,11.09046932
0,6.47636832,74.33033802,22.53219731
0,6.47636832,17.56672777,14.27692122
0,6.288664095,16.88738032,13.41272846
1,6.288664095,69.88990726,21.89805321
0,6.837452733,79.88756907,23.74699386
0,8.846132431,62.28225118,25.65355058
0,0.812271281,36.52054898,6.475379041
0,9.379727268,57.26770189,25.37180875
1,11.15375786,75.97227831,30.96126898
0,0.812271281,17.20732196,4.610576329
0,12.38662351,80.91726014,33.24441143
0,11.36891302,80.42029649,31.5289447
0,6.095686027,36.897882,17.168095
0,5.692092909,62.20980667,20.19326873
0,12.57983865,43.49322219,27.6627026
1,11.04455392,21.09313382,20.23007188
0,12.95716928,65.64382141,31.68226508
0,4.019769102,59.23382687,17.00495404
0,8.130622519,39.26839473,21.39790884
0,8.982489749,76.0079417,27.53256156
0,6.095686027,28.94407354,16.08884966
1,11.26186749,59.52466957,28.66064251
0,9.379727268,44.57225188,23.75921261
0,6.659184132,63.94668261,22.62771174
0,1.417775541,32.92040147,7.96381329
1,8.566979552,20.93564981,17.85413559
0,10.00669167,43.38148117,24.39937783
0,8.130622519,52.25547386,22.88082988
0,12.86393267,17.76616027,21.21402702
0,2.354360082,58.87011724,13.3306578
0,8.846132431,65.96841326,26.15577015
0,0.812271281,58.87011724,7.893680634
1,7.011477857,79.78099034,23.76081916
0,6.837452733,39.75615702,18.96344172
0,10.59613826,16.6070612,18.31788056
0,9.760782001,71.00202635,28.09096572
0,8.566979552,72.18440483,26.38940999
0,3.426487989,16.92739754,9.987388838
0,12.48362455,76.79220722,32.84339786
0,5.48039866,73.54406442,21.032424
0,12.48362455,71.71880104,32.38801167
0,11.04455392,54.74774844,27.78115766
0,6.659184132,16.88738032,13.4836144
0,9.508451863,55.95404267,25.68339041
0,6.837452733,17.64652093,14.6501409
0,9.379727268,33.07257535,21.21957359
0,10.12737771,17.36712626,18.37365887
0,1.417775541,17.3271855,6.281245581
0,11.47492333,16.84735605,20.21301383
0,3.732277839,43.45597765,14.88236493
1,3.426487989,72.82870086,16.61727226
0,3.098700364,25.31390749,11.34919155
0,3.426487989,17.40706019,10.14531345
0,10.59613826,52.14531105,26.57107883
0,12.28881721,69.35129078,31.60658058
0,11.26186749,36.44504649,24.61373842
0,12.86393267,67.19353273,32.23612232
0,8.846132431,74.29461244,27.05379698
1,1.918881261,60.06970242,11.86051584
0,4.550327176,17.12737839,11.57796407
0,0.812271281,58.83373669,7.891714965
0,5.896996055,81.34303923,21.94564353
0,12.95716928,83.82331472,34.40485492
0,7.826575027,64.30806668,24.18781484
0,6.095686027,17.12737839,13.73491345
1,9.508451863,76.04360379,28.47542938
0,10.93422401,47.20561586,26.18868667
0,10.36446345,46.57615046,25.35152282
0,7.011477857,39.94363486,19.23890758
0,12.38662351,51.92493122,28.54568866
0,3.732277839,57.52286231,16.29361326
1,10.36446345,66.22078759,28.43510802
0,3.426487989,17.08739619,10.46624578
0,12.86393267,86.29786682,34.75240622
1,10.71005189,64.70540666,28.57909849
0,10.24661915,51.77797105,26.19733793
0,0.812271281,55.25975909,7.694232727
0,12.38662351,48.61032399,28.73764084
0,9.760782001,66.5091237,27.781481
0,2.743799084,59.08836391,14.07441994
0,3.426487989,39.98112228,13.24218075
0,7.980002464,55.6252554,23.02490219
0,7.670188277,40.056089,20.51570957
1,5.48039866,58.83373669,19.59044366
0,7.347857226,17.12737839,14.99119485
0,4.550327176,72.32762035,19.22613684
0,11.47492333,78.78571693,31.73095928
0,12.48362455,89.61216023,34.30948414
1,10.36446345,76.40015301,29.78133254
0,5.033832265,63.62130099,18.94936772
0,3.732277839,25.27508453,11.66745136
0,10.00669167,73.83005761,29.06978249
0,12.86393267,52.18203399,29.68251352
1,7.181531261,79.63886806,24.52903825
1,5.48039866,62.39090565,19.9450766
0,0.812271281,16.84735605,4.564174117
1,1.417775541,56.86655682,10.22814613
1,11.26186749,88.30876174,32.40874357
1,12.86393267,81.44945677,34.08271265
0,10.71005189,20.97502915,20.16186771
0,0.812271281,68.92016281,8.406379624
0,2.743799084,16.44672115,8.293870385
0,12.38662351,79.85204406,32.9682896
0,10.59613826,67.44554629,29.03310546
1,1.918881261,25.50795462,8.178229857
0,12.38662351,21.56505775,22.11059758
0,4.550327176,66.72531188,18.14395954
0,7.826575027,25.00319663,17.60958597
0,12.28881721,76.15058223,32.35811666
0,11.99037249,16.40661803,19.46584555
0,1.417775541,17.12737839,6.359011594
0,1.417775541,17.3271855,5.846435174
0,11.26186749,21.5257607,20.75272841
1,9.635448939,72.72134916,28.04067882
0,5.896996055,79.6033344,22.22135309
0,8.130622519,72.61398511,25.11625095
0,5.896996055,44.72092416,18.47321727
0,5.692092909,53.68596702,19.41927711
0,12.95716928,20.81747828,22.35006499
0,4.019769102,59.52466957,16.70753649
0,0.812271281,58.14217245,7.854183221
0,7.011477857,43.2697179,20.40508092
0,3.732277839,16.6070612,10.34018737
0,6.288664095,28.75189135,16.11301599
0,3.426487989,42.89701227,14.13005549
1,0.812271281,54.71116206,7.663120039
0,11.88914699,79.46118735,32.38114151
0,11.47492333,55.22319915,28.60101575
0,4.019769102,62.82537659,16.91992412
0,5.48039866,51.18980579,18.49596235
0,0.812271281,16.76728627,4.553760666
0,4.797235578,37.08643709,15.18438774
0,11.15375786,17.04740702,19.60186349
0,2.354360082,36.25623757,10.57084475
0,3.426487989,62.46333378,15.37989437
0,6.47636832,17.3271855,14.00213675
0,7.510676277,37.01102393,19.58810578
1,8.982489749,65.21083763,26.13309416
0,11.04455392,82.97358912,31.41005562
0,1.918881261,54.49160386,11.01803021
0,12.57983865,50.82193665,29.40130355
0,12.95716928,70.03348359,32.43044945
0,4.797235578,20.97502915,12.53290658
1,8.707660582,61.95619915,25.33761191
0,12.57983865,65.64382141,31.39884677
0,10.71005189,55.55217109,27.22492564
1,0.812271281,29.90353868,5.937981309
1,9.635448939,79.74546162,28.61959633
1,8.130622519,77.68266006,25.86746075
0,0.812271281,43.38148117,6.964255343
1,7.980002464,79.42564748,25.98880845
0,7.011477857,70.24880508,23.80393276
0,11.78701308,17.00741087,19.80797347
0,12.95716928,22.15387168,22.84897516
0,6.837452733,69.02796446,23.1523482
0,12.95716928,58.68819696,30.79620106
1,12.38662351,82.37128886,33.58703841
0,12.95716928,83.82331472,34.54908467
1,10.36446345,62.4995454,27.98666877
0,10.82273494,84.77845234,31.38660699
0,12.76997601,81.23661082,33.79351078
0,4.019769102,16.96740771,10.46073631
0,11.6839475,84.49553671,32.65549011
0,1.918881261,55.47907932,11.65351387
1,9.249207563,20.89626489,18.52578703
0,9.116820699,70.32056747,27.00498459
0,9.116820699,51.74122596,24.16629138
1,7.181531261,33.11061043,18.39094888
0,5.261241353,47.20561586,17.40484627
0,12.95716928,83.68174071,34.36928871
0,11.04455392,47.9453333,26.53536343
0,3.732277839,65.78809985,17.29394688
0,12.95716928,31.47201909,25.45888067
1,5.896996055,71.28880362,21.71755265
0,1.417775541,57.55930661,10.01770445
0,3.732277839,17.16735364,10.27304579
0,10.48095561,28.5596111,21.67639014
0,4.291737357,20.62041335,12.37865425
0,0,16.80732471,4.610576329
0,0.812271281,17.52682106,4.651209428
0,7.980002464,46.13142584,22.18706926
1,12.28881721,81.91047414,33.33340389
0,3.732277839,51.6677297,15.79758732
0,11.88914699,21.36851833,21.40563359
1,10.12737771,76.72093628,29.25176874
0,12.95716928,79.78099034,33.87342862
0,4.797235578,17.96542584,12.90131852
0,3.426487989,73.9015424,16.35410937
0,4.019769102,35.95398584,13.45902732
1,9.884510807,81.98138187,29.39068784
0,11.57992601,72.57819434,31.16540336
1,5.692092909,75.72259791,21.60755387
0,1.417775541,17.28723787,6.183077378
0,3.732277839,77.43341397,17.82216835
0,9.508451863,80.704305,28.80684857
0,4.019769102,63.07870993,17.42972144
0,9.635448939,69.13575299,27.781481
0,7.510676277,43.7166378,20.83748224
0,8.566979552,42.97157334,22.64386533
0,12.57983865,80.704305,33.69681637
1,12.28881721,80.77529492,32.89417062
0,11.26186749,50.71153571,27.5583425
0,6.47636832,68.52477747,22.28933792
0,6.288664095,67.8054385,22.15437646
0,10.12737771,68.95609816,28.73517172
0,12.76997601,17.16735364,20.85664613
0,1.417775541,62.06489796,10.45853079
0,7.670188277,72.72134916,25.35479315
0,4.797235578,17.08739619,12.29253311
0,12.95716928,52.91607404,29.64458581
0,4.797235578,72.72134916,19.72488608
1,2.743799084,54.27197697,13.07190064
1,12.86393267,81.9459286,34.19643811
1,8.846132431,57.1583204,24.639122
0,12.76997601,87.07443131,34.35679278
0,8.278574712,59.37926207,23.89780935
0,10.93422401,73.93728276,30.21080667
1,9.116820699,77.39780228,27.81226163
0,12.67528347,79.95861539,33.56303377
1,8.130622519,60.72323492,24.28149041
0,8.566979552,69.9258035,26.05205792
1,11.15375786,84.03564071,31.96069185
0,11.6839475,54.01565835,28.49311197
1,11.26186749,36.29400539,24.66195445
1,12.67528347,24.76997124,23.59698976
0,12.38662351,68.66857448,31.84387444
0,9.116820699,46.68728018,23.81927137
1,4.019769102,16.92739754,10.85370275
0,12.67528347,67.22953917,32.13366219
0,4.291737357,47.35363069,16.34808362
0,9.508451863,44.08880145,23.6129963
0,5.033832265,52.32890573,17.7489068
0,3.098700364,69.53086571,15.32957595
0,12.67528347,17.16735364,20.521967
1,12.38662351,82.37128886,33.5123771
0,4.550327176,42.97157334,16.09469077
0,10.24661915,45.31523276,24.89609143
0,3.098700364,68.95609816,15.83626173
0,11.36891302,83.43394113,31.77246591
0,12.76997601,21.13249097,22.39697177
0,8.566979552,61.63001355,24.81382397
0,12.95716928,52.58585441,29.80489391
0,1.918881261,73.18645082,12.71472418
0,6.288664095,39.26839473,18.51327487
1,2.743799084,36.93559894,11.14749704
0,12.86393267,62.75298105,31.38943266
0,3.732277839,58.25140912,16.11052
0,0.812271281,17.48690757,4.646161172
0,0.812271281,61.99243373,8.059246224
0,11.88914699,87.32140626,33.26100627
0,12.86393267,47.3906288,28.59701584
0,12.57983865,66.90542702,31.47997227
0,10.24661915,27.78949458,21.40250277
0,8.566979552,62.31847097,25.01863454
0,11.04455392,79.49672597,31.16980066
1,10.71005189,82.83190224,30.95280547
0,11.47492333,33.45277591,23.99374121
0,11.15375786,17.3271855,19.29895068
1,11.78701308,80.81078805,32.43570792
1,7.826575027,77.54024138,25.59067677
0,0.812271281,62.28225118,8.0743098
0,7.980002464,68.88422601,25.28300789
0,4.291737357,51.6677297,16.16852296
0,9.884510807,32.95844998,22.84312302
1,5.033832265,55.29631715,17.86259356
0,9.884510807,61.37622079,27.18431215
0,6.288664095,64.88595289,21.09605906
0,0.812271281,69.53086571,8.435763286
0,12.67528347,64.01897212,31.1520416
0,11.88914699,17.24728336,20.24541783
0,9.884510807,52.21875493,25.84075763
0,3.098700364,16.6471282,10.03941226
0,0.812271281,41.10449785,6.808496492
0,11.36891302,69.24352842,30.14592605
0,12.76997601,50.96910899,29.33652332
0,0.812271281,36.8601621,6.501041053
0,10.59613826,72.07697864,29.36503872
0,3.098700364,39.90614473,12.33576139
0,8.423987519,57.59574911,24.17567542
1,12.95716928,83.54014798,34.64212052
0,9.116820699,48.68416821,24.13098016
0,12.67528347,81.16565249,33.60450376
0,7.510676277,63.62130099,23.4129149
0,11.57992601,80.31377312,32.17977959
0,7.181531261,43.60494105,20.06840357
0,2.743799084,17.48690757,8.746205467
0,5.48039866,17.04740702,12.6453198
0,8.130622519,16.80732471,16.02131348
0,11.26186749,52.07185915,27.18841471
0,7.347857226,28.0206984,17.88790968
1,4.291737357,71.25296139,18.39579513
0,10.00669167,43.19519668,24.35345293
0,10.36446345,46.79838943,25.59293856
0,5.033832265,68.27307608,19.97261722
0,10.59613826,82.26496492,30.72479245
0,12.1901866,74.40178516,32.30990049
0,0.812271281,16.32638992,4.495803831
0,6.47636832,40.16851881,18.80232589
0,9.116820699,36.70925277,21.6301533
0,8.130622519,66.18473871,24.7518827
0,9.249207563,65.21083763,26.54360707
1,0.812271281,58.21499867,7.85815051
0,9.116820699,51.1162484,24.26246281
0,10.93422401,52.21875493,26.88324186
0,12.86393267,59.99705367,31.09973077
0,7.510676277,69.31537144,24.23224551
0,12.38662351,58.32422472,29.8731458
0,12.95716928,88.62594228,35.25617834
0,7.347857226,33.11061043,18.61339148
0,12.67528347,86.79210713,34.13645881
0,11.04455392,54.74774844,27.68686797
0,4.797235578,73.40103529,19.42086918
0,7.510676277,75.65124886,24.82993062
0,6.659184132,48.83183063,20.77792994
0,0.812271281,68.99203204,8.409847221
0,10.48095561,73.32951258,29.22438363
0,7.510676277,29.09774918,18.66062357
0,11.78701308,17.00741087,20.14587943
0,6.095686027,16.44672115,13.24283623
1,4.291737357,24.65329614,12.69384805
0,2.743799084,65.49951826,14.6646798
0,2.354360082,17.36712626,8.247280556
0,12.28881721,20.81747828,22.11271469
0,12.76997601,21.28986447,22.11290713
0,6.095686027,69.9616983,21.64701362
0,11.99037249,17.04740702,20.10674609
0,12.38662351,47.42762468,28.34235627
0,12.28881721,64.05511449,30.59443278
1,1.918881261,55.18663734,11.82262627
0,8.707660582,17.3271855,16.61804541
0,5.692092909,70.03348359,20.99353078
0,11.15375786,79.42564748,31.28538652
1,10.71005189,80.13620962,30.60659515
0,12.86393267,80.34928213,33.65669142
0,4.291737357,58.43343489,17.53382112
0,0.812271281,40.76773668,6.784945046
0,6.095686027,20.02836184,14.35369994
0,2.354360082,48.57339863,12.05254541
0,11.57992601,59.19746374,29.1683676
0,11.36891302,75.18735175,30.68721837
0,1.417775541,62.42712053,9.997110968
0,8.423987519,61.44874133,24.57059555
0,11.36891302,41.66529481,25.78230962
0,8.982489749,65.67989333,26.20485482
0,2.354360082,50.85873283,12.110534
0,11.04455392,66.18473871,29.35962166
0,4.291737357,37.01102393,14.47995089
0,2.354360082,25.31390749,9.314510115
0,0.812271281,16.96740771,4.57972427
0,10.82273494,54.34519358,27.60730916
1,4.797235578,76.22189468,19.85962853
0,3.098700364,39.60612569,12.15203419
0,12.09071189,32.12059713,24.41318765
0,0.812271281,55.40598007,7.702488215
0,10.48095561,80.2427514,30.37152475
0,2.743799084,62.97014821,13.96102508
0,8.846132431,17.12737839,16.39254995
0,3.098700364,65.75203255,15.35012271
0,1.417775541,16.84735605,6.123437646
0,10.71005189,16.84735605,18.72150698
0,8.566979552,55.25975909,24.44628057
0,8.278574712,17.40706019,16.34486773
0,4.019769102,17.3271855,11.01309828
0,11.15375786,66.72531188,29.37231966
0,10.24661915,73.50830917,29.63091185
0,8.707660582,79.31902044,27.20822132
0,12.86393267,74.61609451,33.14812309
0,12.09071189,50.23291574,28.37791878
0,10.82273494,20.97502915,20.28937845
1,7.510676277,68.84828775,24.05435806
0,12.1901866,75.9009476,32.39899597
1,0.812271281,20.85687439,5.0472206
1,11.88914699,66.25683494,30.65578684
0,5.48039866,72.32762035,21.26615048
0,12.1901866,80.6333102,33.13832434
0,6.095686027,40.39330574,18.26877313
0,11.47492333,73.04336724,31.120779
0,5.261241353,48.64724718,17.64114784
1,6.095686027,62.64437554,20.85864913
1,12.95716928,61.15861916,31.22697769
0,12.76997601,86.75681156,34.84514934
0,9.249207563,17.08739619,17.12720802
0,12.57983865,49.56962648,29.09219043
0,5.033832265,62.86157193,18.83470391
1,12.28881721,71.39632189,31.79586017
0,8.130622519,76.93473361,26.32128635
0,10.82273494,58.76097033,28.14498237
0,8.278574712,65.67989333,25.04706553
0,4.019769102,69.06389543,17.88855768
0,12.95716928,61.88372503,31.32119522
0,4.291737357,56.5381837,17.49700865
0,9.116820699,16.88738032,16.78496217
0,1.417775541,59.63370708,10.37621782
0,11.26186749,77.25534271,31.14683686
0,8.566979552,73.25798443,26.75353688
0,10.24661915,70.14115078,28.82263796
0,0.812271281,43.53046427,6.974242806
1,6.47636832,48.79491827,19.72897155
0,4.019769102,62.17358196,17.12864661
1,8.423987519,73.86580068,26.12716491
0,6.288664095,39.86865188,18.56823482
0,12.76997601,51.52071284,29.80390567
0,11.88914699,21.01440292,21.23597887
0,7.510676277,36.74698457,20.02372868
0,10.12737771,82.12318296,30.02291073
0,11.99037249,68.81234802,30.91978887
0,0.812271281,16.76728627,4.553760666
0,1.918881261,36.21846673,10.08134003
0,9.635448939,77.75386175,28.20588618
0,12.48362455,78.85684031,33.12797293
0,0.812271281,65.60774794,8.243674937
0,12.86393267,73.50830917,33.07533523
0,9.116820699,58.68819696,25.1738609
0,11.78701308,48.61032399,27.85976656
1,0.812271281,54.63798361,7.658953077
0,3.098700364,16.80732471,9.617990152
0,5.033832265,25.74066335,13.44764485
0,4.550327176,40.9174347,15.87169828
0,3.426487989,40.9174347,13.53310828
0,4.291737357,68.63262743,18.36758285
0,8.707660582,17.08739619,16.66274198
0,11.99037249,51.37366345,28.03078304
0,12.1901866,55.0769406,29.29112441
0,0.812271281,35.91619067,6.42929269
0,7.347857226,17.64652093,15.12143421
0,7.510676277,44.68375967,21.46635459
0,4.291737357,17.00741087,11.54512423
0,11.04455392,75.61557236,30.75570931
0,3.426487989,62.02866667,15.90909267
0,8.566979552,61.5212552,24.94364505
1,12.86393267,69.06389543,32.48458375
0,7.980002464,58.03291983,23.1240073
0,7.181531261,62.97014821,22.88206643
0,6.47636832,39.86865188,18.43023542
0,0.812271281,65.57167293,8.241870949
0,11.15375786,43.90275009,26.31075609
1,2.743799084,65.75203255,14.25536225
0,12.95716928,65.2830171,31.82337422
0,10.93422401,81.09468931,31.04218053
0,4.019769102,54.27197697,16.44822844
0,0.812271281,36.70925277,6.489658657
1,0.812271281,57.63218983,7.826301577
0,8.566979552,57.81436658,24.44314087
0,11.26186749,60.61435097,29.24865586
0,12.67528347,76.15058223,33.07465106
0,0.812271281,40.73030556,6.782318802
0,11.15375786,67.37354991,29.75970698
0,8.566979552,17.16735364,16.68689769
1,10.12737771,75.68692404,29.37558522
0,4.550327176,21.17184259,13.10622467
0,3.098700364,44.42354126,13.29893397
0,6.659184132,51.5574701,20.91520401
0,12.28881721,21.25052933,22.24053233
1,3.098700364,65.39127466,14.88035987
0,3.732277839,65.82416561,16.58083755
0,4.550327176,57.7779348,18.34810674
0,9.884510807,20.42320664,19.22096831
0,10.59613826,41.51580621,24.84213671
1,0.812271281,37.16183847,6.523696884
1,5.48039866,61.81124431,19.63525067
0,11.78701308,47.98229587,27.7051192
0,5.896996055,21.09313382,13.88149058
1,5.692092909,56.28267996,19.69546054
0,8.846132431,17.08739619,17.16487556
1,10.00669167,68.30903785,28.16923914
0,4.797235578,25.11974735,13.71497624
0,0.812271281,17.20732196,4.610576329
0,7.826575027,47.53859891,21.87712632
0,12.76997601,21.13249097,22.94192619
0,2.743799084,37.16183847,11.58415405
0,6.095686027,77.54024138,22.41373117
0,12.76997601,60.0333789,30.71914738
0,4.019769102,44.12600444,15.13879542
1,12.48362455,71.21711775,32.0548024
0,0.812271281,39.00556039,6.659409665
0,6.095686027,16.52690563,12.94564891
0,2.354360082,41.47842757,11.20674844
1,12.86393267,67.08550439,32.11186923
0,8.130622519,72.61398511,25.66095278
0,0.812271281,44.42354126,7.033609935
0,11.26186749,65.3191045,29.49446157
0,11.6839475,51.04268281,27.79376074
0,0.812271281,55.0769406,7.683889054
0,3.426487989,54.38179902,14.90687602
0,10.12737771,43.64217575,24.87780592
0,11.15375786,20.81747828,20.54348436
0,10.82273494,20.18636932,19.94060173
1,12.95716928,80.17172477,34.02550402
0,10.00669167,47.50160973,25.02046673
0,1.417775541,17.08739619,6.332288411
0,12.38662351,71.00202635,31.92943482
0,12.57983865,36.25623757,26.03691896
0,8.278574712,17.76616027,16.74180012
1,6.659184132,73.32951258,23.2329419
0,6.659184132,62.4995454,22.23540926
0,11.26186749,65.93235365,29.61950434
0,4.019769102,28.5596111,12.76123763
1,12.86393267,87.28612747,34.57077719
0,0.812271281,63.04252431,8.113589343
0,6.837452733,17.00741087,14.45104201
0,0.812271281,17.48690757,4.646161172
0,11.88914699,81.30756431,32.47475224
0,12.48362455,66.68928431,31.66685927
1,5.261241353,61.41248189,19.03287511
0,11.6839475,81.41398547,32.22015547
1,6.659184132,66.97746249,22.64368399
0,2.354360082,34.43975824,10.04181812
0,1.918881261,69.06389543,11.90563307
0,12.76997601,20.42320664,22.14747838
0,1.918881261,75.11596317,13.0285368
1,6.659184132,17.44698728,14.4085068
0,6.47636832,16.72724072,13.55925431
0,6.837452733,17.24728336,15.0128394
0,0.812271281,44.42354126,7.033609935
0,12.09071189,17.52682106,20.34021293
0,12.76997601,16.88738032,20.71093424
0,5.033832265,62.1011276,18.63044032
0,2.743799084,62.39090565,13.89853787
0,12.95716928,88.23826509,35.19691567
0,5.033832265,26.20560322,13.96509071
0,11.88914699,72.43501748,31.43142531
0,0.812271281,17.56672777,4.656248968
1,11.36891302,59.96072672,28.89910966
0,2.354360082,17.16735364,8.238260611
0,8.846132431,44.08880145,22.88294957
0,6.095686027,31.89180276,16.59209836
0,12.95716928,63.80208451,31.51318644
1,10.59613826,78.75015335,30.51206841
0,10.00669167,73.11491176,28.47209176
1,1.918881261,65.06646001,12.33653026
0,9.116820699,73.15068197,27.3484217
0,11.88914699,62.1011276,30.07918857
0,12.76997601,58.46983475,30.76224699
1,0.812271281,54.85749619,7.671440771
0,9.635448939,17.40706019,17.36841626
0,12.76997601,61.04979577,30.97565935
0,0.812271281,42.8224412,6.926560467
0,10.82273494,16.32638992,18.82955542
0,9.760782001,17.04740702,17.76078314
0,12.76997601,72.25601536,32.68919322
0,10.48095561,17.00741087,18.81064824
0,12.57983865,85.94470255,34.37373981
0,10.48095561,20.22585665,19.77326746
1,7.510676277,65.82416561,23.71217991
0,4.550327176,62.60817045,18.16709135
0,0.812271281,16.48681701,4.51701447
0,7.670188277,16.36650763,15.14024009
1,10.24661915,70.39232415,28.60441454
0,0.812271281,39.90614473,6.72405627
0,10.24661915,43.41873064,24.60653676
0,7.347857226,16.36650763,14.90737527
0,2.354360082,68.34499813,13.73672265
0,5.033832265,16.84735605,12.31110098
0,8.278574712,58.97924842,24.50098609
0,7.011477857,64.95816042,22.6171691
0,1.417775541,16.56698702,7.287417483
0,12.28881721,22.19308363,22.04878573
1,6.837452733,69.81811048,22.83513675
0,11.26186749,16.36650763,18.77384733
0,4.019769102,72.93604021,18.12766196
0,3.426487989,54.93065188,15.40583421
0,8.846132431,33.30073566,20.73287393
0,3.098700364,62.42712053,15.06322467
0,0.812271281,39.11822033,6.667554104
0,5.896996055,55.55217109,19.89396608
0,4.291737357,47.76048728,15.71294522
0,5.48039866,44.05159604,17.96238152
1,9.508451863,44.49790137,23.51505912
0,5.033832265,43.2697179,16.83011178
0,7.980002464,62.35468913,24.01565791
0,1.918881261,58.97924842,11.56467529
1,11.57992601,76.89910395,31.4594691
0,10.12737771,49.49588537,25.54867451
0,12.95716928,55.29631715,30.51122324
0,12.57983865,66.22078759,31.37616192
0,0.812271281,17.20732196,4.610576329
0,9.249207563,43.53046427,23.40457454
0,1.417775541,17.64652093,6.42058405
0,4.550327176,17.3271855,11.46889484
1,6.47636832,70.17703697,22.65184071
0,12.95716928,80.02965677,33.88768412
0,1.918881261,58.43343489,11.72025468
0,7.011477857,79.49672597,24.63575113
0,9.508451863,40.99226786,23.46064435
1,11.99037249,69.31537144,31.27033546
0,6.837452733,17.48690757,14.82952237
0,4.550327176,50.60111614,17.0726884
1,3.426487989,58.50623284,14.98330601
0,5.033832265,74.22315725,20.0794119
1,0.812271281,17.08739619,4.595191331
0,9.379727268,79.07018043,28.33754443
0,1.918881261,21.01440292,8.006080456
0,11.57992601,17.28723787,19.50715771
0,3.098700364,22.07543203,10.87200239
0,0.812271281,16.96740771,4.57972427
0,6.837452733,43.679408,19.75140455
0,5.261241353,37.42565078,16.57539477
0,12.1901866,69.63859332,31.26970132
0,0.812271281,17.00741087,4.584889138
0,3.098700364,17.56672777,9.050726054
0,0.812271281,61.95619915,8.057359358
0,9.379727268,21.36851833,18.54184401
0,6.47636832,16.6471282,14.11647708
0,0.812271281,59.27018827,7.915239833
0,0.812271281,59.48832029,7.926950916
0,12.1901866,52.14531105,29.12409709
0,0.812271281,16.44672115,4.511726487
0,10.24661915,54.30858623,26.49587273
1,7.826575027,31.92994386,19.32181969
0,8.566979552,17.08739619,16.58899374
0,9.379727268,47.46461832,24.25834788
0,9.760782001,65.35519036,27.47238485
0,0.812271281,39.11822033,6.667554104
0,3.426487989,61.5212552,15.34499206
1,12.76997601,80.42029649,33.9412255
0,12.28881721,21.09313382,22.15073648
0,0.812271281,39.98112228,6.729391677
0,6.095686027,72.86448201,22.02296734
0,7.181531261,71.61132058,23.9617145
0,12.09071189,56.35569021,29.28830441
0,10.00669167,60.46914871,27.20890365
0,2.354360082,16.92739754,7.375862695
0,0.812271281,55.15007364,7.688029774
0,9.116820699,73.22221831,26.84575875
1,4.291737357,65.57167293,17.96879433
0,8.707660582,21.05377114,17.88596535
0,8.846132431,42.52405642,22.90693833
0,2.354360082,17.16735364,8.480309615
1,9.379727268,77.50463352,28.24437306
1,9.884510807,77.00598907,28.9539664
0,5.896996055,20.30481393,14.19246816
0,11.88914699,21.25052933,21.47339713
0,10.59613826,56.28267996,27.21106406
0,2.354360082,16.80732471,9.297588959
0,12.1901866,40.056089,26.59847795
0,1.918881261,54.67457378,11.32510262
0,0.812271281,16.84735605,4.564174117
0,9.508451863,62.82537659,26.40968582
0,0.812271281,47.61257059,7.238930755
0,3.732277839,66.97746249,16.43355693
1,0.812271281,17.72628719,4.676320664
1,8.707660582,50.71153571,23.50499403
0,0.812271281,28.79033561,5.839552929
0,9.379727268,40.73030556,23.18624245
1,11.57992601,80.52680885,32.15047904
0,10.12737771,16.40661803,18.20941898
1,3.098700364,65.96841326,15.16187159
0,9.884510807,69.9258035,28.10541033
0,9.635448939,17.04740702,18.05958211
0,2.743799084,58.36062988,13.89148964
0,12.95716928,48.49954138,29.11980357
0,2.354360082,17.00741087,7.60226279
0,4.019769102,43.75386515,14.65481777
1,12.95716928,57.48641621,30.78406813
0,8.566979552,41.2541011,22.2797115
0,12.95716928,62.57196373,31.44041582
0,6.837452733,43.3069748,19.61766859
0,12.76997601,83.36313069,34.14747061
0,6.659184132,79.74546162,23.67399431
0,5.48039866,66.07658288,19.95799015
1,7.980002464,61.73875697,24.47151047
0,5.48039866,59.70639014,19.63266749
1,12.86393267,80.2427514,33.98741448
1,12.95716928,21.32919413,22.46826097
0,6.288664095,67.19353273,21.5126471
0,0.812271281,16.76728627,4.553760666
0,0.812271281,59.12473226,7.907413483
0,1.417775541,36.82243923,8.23464712
1,4.550327176,60.86838989,17.96430595
0,4.797235578,16.48681701,11.70731884
0,12.76997601,84.0710243,34.24459688
1,6.47636832,70.03348359,22.9774797
0,7.011477857,17.28723787,14.83709815
1,10.59613826,63.22343627,28.47279983
0,2.354360082,75.15165812,13.90147221
0,8.423987519,82.40672779,27.12166458
0,1.417775541,44.12600444,9.031270865
1,12.67528347,45.05529735,28.25160008
0,3.098700364,62.60817045,14.76042086
0,7.181531261,16.80732471,15.06955609
0,8.423987519,79.49672597,27.08479423
0,7.670188277,42.30016178,21.23725588
1,7.670188277,79.67440049,25.73743091
0,11.57992601,62.71678084,29.88912002
0,0.812271281,55.95404267,7.733293816
0,6.095686027,20.73866922,14.84466494
0,10.36446345,18.0849059,19.02171794
0,12.76997601,83.8587053,34.16664022
0,5.033832265,69.02796446,19.51161816
0,8.982489749,40.95485259,22.48913177
0,12.48362455,16.88738032,20.39967507
0,4.291737357,16.96740771,11.17529654
1,6.288664095,67.51753668,21.80806944
0,12.86393267,16.92739754,20.47014331
0,12.95716928,69.02796446,32.40007942
0,10.48095561,17.04740702,18.4066879
0,0.812271281,17.08739619,4.595191331
0,6.095686027,64.5970601,21.70324855
0,0.812271281,17.52682106,4.651209428
1,12.48362455,78.67902245,33.25567941
0,12.67528347,31.92994386,25.50327438
0,6.288664095,76.57837889,22.90993249
1,12.95716928,86.8979871,34.94925792
1,9.249207563,17.20732196,17.08680953
1,9.508451863,44.49790137,24.07193947
0,11.88914699,20.38374815,21.00666081
0,4.291737357,62.97014821,17.65788084
0,8.423987519,57.01245311,24.22536461
0,6.659184132,76.50709243,23.12159859
1,11.6839475,76.25754895,31.67628903
1,5.033832265,55.0769406,18.28998989
0,10.36446345,17.24728336,18.9544373
0,12.67528347,21.80072704,22.42079795
0,1.417775541,16.96740771,5.748757804
0,6.837452733,16.2862649,14.66779093
1,5.48039866,74.1159644,20.77186149
0,11.04455392,16.92739754,19.06514101
1,7.826575027,21.56505775,17.07739855
0,6.837452733,17.28723787,14.88236493
0,0.812271281,55.0769406,7.683889054
1,5.692092909,70.57169091,21.41168328
0,10.48095561,32.15871737,23.07363726
1,8.130622519,80.66880821,26.52941909
0,1.918881261,55.15007364,11.72369893
1,11.47492333,72.14859749,31.2639925
1,12.57983865,74.15169669,32.69321454
0,7.011477857,47.61257059,20.56655936
0,12.28881721,47.46461832,27.94927407
0,10.00669167,69.9258035,28.29589018
0,12.86393267,83.00900789,34.13142172
0,9.116820699,53.57603503,24.66253919
0,4.797235578,17.36712626,12.32421553
0,12.67528347,63.65746089,31.22562519
0,8.846132431,48.01925625,23.08729206
0,2.743799084,51.74122596,13.35385623
0,11.57992601,64.05511449,29.92598113
0,12.95716928,63.91053548,31.81428557
0,12.95716928,53.61268097,29.89152762
0,0.812271281,17.28723787,4.620787904
0,9.379727268,73.43679461,27.70164517
0,11.04455392,17.20732196,19.16745154
0,7.670188277,68.88422601,24.37877639
1,0.812271281,54.71116206,7.663120039
1,0.812271281,68.95609816,8.408113781
0,6.095686027,58.46983475,20.97533395
0,10.24661915,17.20732196,18.29428747
0,12.95716928,65.42735741,31.98865772
0,8.982489749,67.6974865,26.27462343
0,2.354360082,21.13249097,8.76218843
0,7.347857226,16.88738032,14.88336722
0,9.508451863,40.80516515,23.27179124
0,12.09071189,78.32329248,32.49720255
1,5.48039866,73.97302178,20.92558659
0,5.261241353,44.27479217,17.31219817
1,12.95716928,83.54014798,34.46796765
0,9.379727268,81.16565249,28.43175815
0,10.36446345,47.61257059,25.47410437
0,6.288664095,68.59667891,21.94662409
0,2.743799084,66.00447134,14.8793571
0,5.033832265,28.86721238,14.58482322
0,5.896996055,62.28225118,20.55964358
1,8.707660582,59.015622,24.50380984
0,9.760782001,39.83115631,23.4109139
0,2.743799084,63.18725711,14.26366306
0,12.86393267,20.14687619,21.91184554
1,6.288664095,52.32890573,20.28008032
0,1.417775541,16.72724072,5.897603518
0,11.47492333,16.08552926,19.30972082
0,12.95716928,82.58390459,34.20389253
0,3.098700364,66.54515886,15.26660107
0,5.896996055,66.18473871,21.03460372
0,11.88914699,62.89776564,30.11019987
0,0.812271281,55.69833225,7.718947685
0,10.48095561,84.99059064,30.97192116
0,5.692092909,17.52682106,13.22839868
1,4.019769102,65.89629251,17.16308635
0,1.918881261,36.10513601,9.433956911
0,0.812271281,35.95398584,6.432190792
0,12.28881721,80.2427514,32.76348324
0,12.76997601,87.35668394,34.85194472
0,11.78701308,47.46461832,27.41175518
0,12.67528347,22.03620433,22.29725775
1,8.846132431,55.36942764,24.48477075
0,6.837452733,17.08739619,14.83305886
0,12.38662351,62.1373556,30.62770255
1,0.812271281,55.18663734,7.690098507
0,0.812271281,61.77500147,8.047911898
0,8.707660582,69.49495362,26.32153399
0,12.95716928,20.58098339,22.08959143
0,8.278574712,47.57558586,22.61298498
0,8.130622519,21.28986447,16.99506786
0,4.019769102,70.03348359,17.60217947
0,6.47636832,55.29631715,21.11853215
1,6.288664095,28.25175689,15.83236094
0,12.28881721,80.2072387,33.1544474
0,8.130622519,16.48681701,16.05201873
0,3.098700364,16.36650763,9.480325625
0,1.417775541,41.21670422,8.660489768
0,11.04455392,56.319186,27.99100371
1,3.426487989,58.90649605,15.43857569
0,11.88914699,39.94363486,25.98010641
1,12.76997601,36.59603947,26.72809179
0,5.033832265,61.33995803,18.75798037
1,8.846132431,63.40430796,25.59879024
0,1.417775541,55.25975909,10.23969881
0,1.918881261,59.19746374,12.00210996
0,1.918881261,59.41561654,12.18374432
0,11.99037249,72.32762035,31.4710113
0,12.95716928,79.42564748,33.94863711
0,12.09071189,17.00741087,20.03184728
1,6.47636832,55.91751817,20.75813511
1,8.846132431,84.28330139,28.00874832
1,6.659184132,54.30858623,21.13491734
0,11.99037249,73.83005761,31.84591501
0,5.48039866,39.26839473,16.97157887
0,11.26186749,40.58055451,25.64521658
0,4.550327176,36.14291595,14.85373326
0,5.896996055,68.20114813,21.0739603
0,11.88914699,16.6070612,20.51663689
0,12.86393267,68.95609816,32.4175459
0,1.417775541,54.9672269,10.19914247
0,8.846132431,16.44672115,16.65428697
0,5.896996055,55.33287333,19.68417348
0,6.659184132,74.72323116,23.54847642
0,10.36446345,16.76728627,18.31941003
0,1.918881261,17.72628719,7.759799755
0,1.918881261,16.76728627,7.608602267
1,10.00669167,16.52690563,17.8505543
0,0.812271281,35.6515387,6.408938905
0,10.00669167,72.61398511,28.93719818
0,2.743799084,21.72219206,9.759327237
0,7.181531261,44.3863576,20.80910201
0,0.812271281,54.71116206,7.663120039
0,6.095686027,58.90649605,20.71840471
0,4.291737357,77.04161488,19.12376774
0,12.28881721,55.69833225,29.1120711
1,0.812271281,66.5811925,8.292088107
0,11.04455392,81.55586345,31.51505056
0,1.918881261,18.0052591,6.84999448
0,8.566979552,48.38873916,23.21013304
0,1.918881261,24.61439514,8.051693512
0,8.707660582,62.20980667,25.36214746
0,5.261241353,16.80732471,12.27856606
0,5.033832265,17.28723787,12.45819515
1,10.24661915,47.53859891,25.60251226
0,7.011477857,20.50210643,15.48852603
0,10.36446345,16.84735605,18.48489757
0,5.896996055,40.39330574,17.84762287
0,10.59613826,73.47255257,29.84650245
1,11.6839475,40.35584796,26.07199682
0,12.67528347,66.11263635,31.68762568
0,4.550327176,33.83264538,14.83709815
0,4.291737357,41.40366251,15.35944088
0,4.797235578,20.22585665,12.37101914
0,10.12737771,77.21972461,29.76836211
0,9.379727268,47.50160973,24.25118064
1,12.86393267,21.36851833,22.39510767
0,12.86393267,20.14687619,21.76453028
0,8.566979552,20.34428392,17.53823974
1,12.48362455,59.12473226,30.33262583
0,9.116820699,32.76817365,21.02239003
0,10.59613826,65.49951826,28.85835102
0,4.019769102,40.80516515,14.79658952
0,10.93422401,70.60756,29.56431347
0,12.76997601,75.82961165,33.05020178
0,0.812271281,65.86022983,8.256280891
1,5.261241353,61.4849991,19.34997856
0,0.812271281,35.87839245,6.426392203
0,0.812271281,17.20732196,4.610576329
0,10.93422401,62.39090565,28.94156228
0,3.098700364,48.2779173,14.23928233
0,3.426487989,28.17475345,12.16791223
1,10.36446345,66.00447134,28.28601769
0,7.510676277,67.40954885,24.04329468
0,7.347857226,43.38148117,20.33120912
0,12.67528347,16.32638992,20.1976071
0,12.95716928,85.66208946,34.78335338
0,2.354360082,17.00741087,7.203914536
0,11.6839475,16.6471282,19.59252121
0,12.48362455,51.70447884,29.06489275
1,7.510676277,61.37622079,23.16811256
0,7.670188277,60.94095728,23.41424866
0,12.95716928,80.34928213,34.06569694
0,3.098700364,68.92016281,15.00104231
0,11.99037249,17.56672777,19.95103925
0,6.47636832,54.01565835,20.87887502
0,3.098700364,61.26742749,14.96403628
0,10.82273494,20.81747828,20.03086364
0,11.88914699,16.84735605,20.40108563
1,11.99037249,68.81234802,31.2524873
0,12.95716928,65.64382141,32.12044329
1,5.033832265,75.18735175,20.04683311
0,2.743799084,72.6497745,15.10886654
1,1.918881261,80.17172477,12.73767084
1,7.510676277,72.22021079,24.37260241
1,5.033832265,47.53859891,17.45657367
0,9.249207563,17.00741087,17.23360018
1,3.732277839,65.13865193,16.13958315
1,8.707660582,82.93816918,27.55371972
0,6.095686027,27.71239412,15.59584735
0,11.36891302,66.47308702,29.86492693
0,8.982489749,28.67499106,20.18965167
0,4.019769102,39.23085528,14.54371885
0,0.812271281,65.75203255,8.250883038
0,4.797235578,45.12957642,16.47471692
1,11.47492333,73.25798443,31.1714792
0,9.760782001,57.81436658,26.47771721
0,8.566979552,20.62041335,17.1185704
0,12.76997601,65.57167293,31.39123761
0,12.57983865,36.36953196,26.29264357
0,0.812271281,20.77807656,5.038373139
0,9.116820699,76.82784075,27.36759581
0,2.354360082,21.36851833,8.22741065
0,0.812271281,40.69287178,6.779690663
0,6.47636832,43.90275009,19.68391677
0,12.95716928,53.79588154,29.97441512
0,8.278574712,69.38720866,25.57656232
1,6.095686027,61.19489027,20.90746399
0,4.550327176,43.93996523,16.09594179
0,8.566979552,16.88738032,16.36734749
1,11.99037249,65.46343861,30.15673571
0,0.812271281,29.48166814,5.900987001
0,5.692092909,62.78917963,20.44656463
0,6.837452733,61.26742749,21.91282987
0,10.59613826,48.90564887,26.13952413
0,8.982489749,50.34339775,23.77253867
0,9.760782001,76.22189468,28.62777787
1,2.354360082,21.17184259,8.842794642
0,4.797235578,57.92365121,18.01416713
0,8.278574712,67.73347199,25.35383941
0,2.743799084,68.84828775,14.22983667
0,12.38662351,17.04740702,20.69029924
1,5.48039866,43.90275009,17.23855991
0,12.1901866,79.74546162,32.84848443
0,4.291737357,17.08739619,11.52728724
0,3.426487989,69.27945066,16.1013602
0,7.980002464,28.25175689,18.81208222
0,11.47492333,17.56672777,19.47612785
0,10.24661915,65.3191045,28.03257337
0,11.04455392,16.76728627,18.65711318
0,5.896996055,62.1373556,20.74979832
0,9.249207563,17.20732196,17.15986465
0,5.48039866,16.88738032,12.88111769
0,6.837452733,40.43076083,19.33390006
0,5.261241353,65.96841326,19.5474733
0,11.47492333,58.32422472,29.07907668
1,4.550327176,61.63001355,17.7221148
0,0.812271281,17.3271855,4.625880276
0,4.797235578,17.88573952,12.25364795
1,1.918881261,72.75713444,12.52027594
0,8.982489749,72.82870086,27.30264536
0,5.692092909,72.50660867,21.17145471
0,12.28881721,56.75711552,29.61201481
0,1.417775541,58.57902376,10.16879169
0,9.760782001,80.31377312,29.13982595
0,12.95716928,85.09664426,34.59085335
0,11.99037249,16.92739754,20.12402675
0,3.098700364,69.27945066,15.61647769
0,10.48095561,17.08739619,18.98927154
0,8.846132431,82.97358912,28.40095239
0,10.93422401,16.76728627,18.36119777
0,0.812271281,20.93564981,5.056042498
0,3.098700364,64.30806668,14.73174747
0,12.86393267,71.75462507,32.58588745
0,12.48362455,65.71596371,31.22069126
1,11.78701308,56.24617208,29.08979856
0,7.011477857,25.19742503,16.66082128
0,9.379727268,43.79109005,23.78280132
0,5.48039866,16.6471282,11.89397233
1,11.04455392,79.35456403,31.03975635
0,7.181531261,20.38374815,16.10344305
0,9.116820699,16.52690563,16.69913543
0,2.743799084,64.84984678,14.12835984
1,10.71005189,77.07723939,30.55180699
0,11.15375786,72.39921982,30.33271165
0,1.918881261,58.28781781,11.7912705
0,12.57983865,82.61933639,33.5052373
0,2.743799084,44.75808625,12.69456921
0,8.566979552,17.3271855,16.74483769
0,9.635448939,62.64437554,26.72678219
0,8.707660582,48.53647109,23.12383527
0,5.033832265,17.40706019,12.13451491
0,6.47636832,16.16584569,13.45270643
1,10.82273494,16.72724072,18.59777912
0,1.918881261,70.53582041,11.9470737
0,9.635448939,36.55829572,22.58783941
0,5.033832265,16.6070612,11.76485705
0,8.846132431,21.36851833,17.59881039
0,4.797235578,62.86157193,17.97456114
0,2.354360082,72.97181726,13.6136665
0,9.884510807,39.45605055,23.40507517
1,4.797235578,24.38089095,13.55614771
1,12.57983865,80.38478993,33.66701198
1,7.347857226,68.70452006,24.09646798
0,3.426487989,17.24728336,9.607444459
1,12.38662351,84.31867684,33.91544332
0,11.04455392,84.0710243,31.59246701
1,12.09071189,83.29231555,33.31186909
0,12.76997601,86.68621705,34.20940229
1,7.670188277,29.94186791,18.9668157
0,0.812271281,55.51562614,7.708668541
0,2.743799084,17.00741087,9.059676515
1,9.116820699,16.72724072,17.02796853
0,1.918881261,32.73010824,9.649483181
0,4.797235578,59.77906631,18.14270713
0,9.249207563,16.72724072,17.2809322
0,4.019769102,66.07658288,17.40865217
0,5.033832265,51.92493122,18.20041321
1,7.980002464,72.6497745,25.15955935
0,10.36446345,17.08739619,18.88031835
0,11.88914699,76.18623911,31.7582402
0,5.692092909,17.04740702,12.46270617
0,9.635448939,61.12234637,26.39420606
0,9.884510807,21.09313382,19.17840298
0,8.982489749,74.72323116,27.1788396
0,3.098700364,43.90275009,13.36028401
0,11.57992601,55.77140165,28.9446646
0,6.288664095,48.75800375,19.30352978
0,4.550327176,37.08643709,15.33518601
0,9.379727268,32.84429432,21.78053317
1,3.732277839,67.37354991,16.92362625
0,7.510676277,39.79365803,20.18217136
1,11.04455392,57.74150124,28.35677911
0,12.76997601,16.40661803,20.81290649
0,0.812271281,36.63378023,6.483953719
0,11.6839475,21.01440292,21.28754602
0,1.417775541,73.00759293,10.74976421
0,3.426487989,29.02091912,12.29640658
0,4.797235578,36.06735304,14.93725927
0,11.6839475,59.8880677,29.40558426
0,11.88914699,62.97014821,30.18632344
0,12.95716928,80.56231052,33.97996146
0,5.033832265,16.08552926,12.08242228
0,12.1901866,20.93564981,21.63990783
0,0.812271281,19.79117469,4.925549755
0,4.291737357,51.22658141,16.71287739
0,12.28881721,48.61032399,28.08824212
0,11.99037249,86.50971112,33.12238508
0,11.26186749,69.56677636,30.08295992
0,7.347857226,43.23245853,20.68484855
0,0.812271281,24.69219248,5.452435387
0,0.812271281,40.01860699,6.732056438
0,11.6839475,77.39780228,31.90388999
1,12.1901866,20.54154776,21.44747711
0,8.982489749,73.04336724,27.1385062
0,1.918881261,40.65543535,10.15824072
0,11.88914699,54.89407498,28.80321679
0,7.510676277,32.5778126,18.92029471
0,0.812271281,44.20040314,7.018856754
1,0.812271281,69.88990726,8.452952305
0,12.57983865,78.92795869,33.36941453
1,1.417775541,67.19353273,10.27533711
0,12.95716928,72.50660867,33.06547959
0,12.86393267,37.95284752,26.72606779
0,11.47492333,17.48690757,20.12013571
0,2.354360082,16.76728627,7.574672584
1,0.812271281,55.11350806,7.685959957
0,12.95716928,62.97014821,31.45978119
0,6.659184132,59.27018827,21.45204468
0,12.86393267,20.77807656,22.47269777
1,7.980002464,75.93661361,25.95819033
1,12.67528347,83.89409472,33.88441061
0,12.1901866,65.86022983,31.03797829
0,5.692092909,16.84735605,12.74410787
0,2.354360082,20.14687619,8.683298526
0,10.93422401,84.60163873,31.71676112
0,1.417775541,43.97717793,9.170056711
0,0.812271281,17.00741087,4.584889138
0,6.095686027,21.13249097,14.89938259
0,1.417775541,43.2697179,8.816092291
0,6.288664095,47.46461832,19.50374509
0,9.508451863,65.03036171,27.34707485
1,12.38662351,80.10069323,33.12245324
0,6.659184132,58.83373669,21.53857807
0,3.732277839,52.51245046,15.32630119
0,12.95716928,83.36313069,34.37237991
0,10.48095561,57.7779348,27.45684314
0,12.67528347,16.48681701,21.01846046
0,12.95716928,89.50653478,35.20144354
0,5.261241353,41.2541011,17.02833324
0,3.098700364,47.20561586,13.57724061
0,3.732277839,16.6471282,10.34357661
0,5.896996055,16.68718803,12.53958186
0,12.28881721,72.00535425,31.94795886
0,11.47492333,47.09458116,26.75163659
0,5.033832265,78.21654891,20.62099306
1,6.288664095,73.68707184,22.35118914
0,11.36891302,83.57554792,32.00835981
0,5.261241353,60.86838989,19.45924733
0,10.93422401,32.53973018,23.21865041
0,11.57992601,51.22658141,27.92218036
1,10.36446345,73.07914019,29.33586802
0,12.48362455,42.71056578,27.45184278
0,1.417775541,20.93564981,6.726724956
1,3.098700364,36.18069286,12.47471771
0,12.86393267,86.54501456,34.76333001
0,10.24661915,17.24728336,18.12609302
0,2.743799084,43.04612441,12.2184147
1,12.48362455,65.03036171,31.20555843
0,1.918881261,17.20732196,6.774428688
0,1.918881261,17.00741087,7.144824102
1,10.93422401,79.6033344,31.17291776
0,9.760782001,40.35584796,23.82102733
0,10.71005189,17.3271855,18.42510949
1,7.011477857,69.45904008,23.22954117
0,12.48362455,43.3069748,27.55096712
0,7.347857226,76.25754895,24.33487013
1,9.379727268,75.97227831,28.09630618
0,12.67528347,52.69594545,29.47237683
0,0.812271281,21.68291654,5.138607747
0,8.423987519,70.21292174,25.74726112
0,4.019769102,55.69833225,16.61301844
0,5.692092909,71.75462507,21.55089889
0,11.78701308,17.80602668,20.20579553
0,12.95716928,83.15067115,34.19380611
0,2.743799084,16.52690563,9.524883926
1,7.510676277,66.43704882,23.78904964
0,1.918881261,16.92739754,7.444741045
0,1.417775541,16.76728627,5.566758069
0,1.417775541,17.44698728,6.056286199
0,8.982489749,69.20760473,26.92538197
0,3.426487989,58.14217245,15.44363377
1,11.78701308,39.75615702,25.8412768
0,6.288664095,68.81234802,21.74207683
1,10.12737771,58.72458452,27.22992045
1,2.354360082,55.44253063,12.72907674
0,8.278574712,79.6033344,26.67797132
0,10.36446345,69.49495362,28.62608219
0,0.812271281,61.70251082,8.044126769
0,0.812271281,36.33177018,6.46104156
0,0.812271281,16.56698702,4.527561336
1,11.6839475,68.56072893,30.81647728
0,4.291737357,55.04037125,16.51249509
1,8.846132431,70.17703697,26.52626357
0,2.354360082,24.65329614,9.317324133
0,8.423987519,70.03348359,26.13876788
0,9.884510807,60.68694196,26.96677155
0,2.354360082,43.38148117,11.09532692
1,11.15375786,16.2059928,18.96175419
1,4.550327176,73.15068197,18.77125315
1,12.38662351,78.32329248,32.53698219
0,11.88914699,76.54273631,32.20321378
0,12.95716928,68.52477747,32.57905516
0,10.00669167,43.38148117,24.1764442
0,9.635448939,44.42354126,23.92863236
0,10.71005189,79.42564748,30.62159201
0,10.36446345,84.31867684,30.69587437
0,3.732277839,17.16735364,10.48054143
0,6.095686027,17.08739619,13.58837723
0,12.95716928,70.85860386,32.73968272
0,0.812271281,62.60817045,8.091190132
1,9.760782001,44.3863576,24.49295621
1,6.095686027,58.39703326,20.32077135
0,5.033832265,79.56779949,20.34210721
0,12.57983865,64.88595289,31.4338495
0,2.354360082,56.5746769,12.89436078
0,12.67528347,83.75253006,33.83707618
0,5.896996055,41.29149537,18.18952979
0,7.347857226,21.40783707,16.28063827
1,9.884510807,69.13575299,28.0518271
0,11.6839475,16.6471282,19.97187411
1,2.743799084,62.75298105,13.78656222
0,6.659184132,60.43284391,21.75892233
0,12.67528347,80.2427514,33.58204391
0,5.033832265,21.13249097,13.24938696
0,9.760782001,73.22221831,28.26542135
0,10.93422401,73.50830917,30.37981894
1,10.24661915,65.86022983,28.28612057
0,11.88914699,62.82537659,29.98414827
0,7.980002464,20.89626489,17.45451164
0,7.347857226,43.7166378,20.18555041
0,2.743799084,66.40100909,14.84063044
0,5.48039866,40.73030556,16.73305975
0,6.288664095,17.16735364,13.93890694
0,10.00669167,17.08739619,17.83751682
1,3.098700364,75.36580007,15.68729777
0,11.57992601,56.13663739,28.81018485
0,11.99037249,63.29578977,30.19831106
0,12.76997601,46.42794557,28.57799648
1,0.812271281,21.56505775,5.125717685
0,4.291737357,42.93429406,15.32676911
0,7.510676277,16.72724072,14.84970449
0,12.38662351,69.02796446,31.8087533
0,3.426487989,54.23536578,15.19346791
0,10.82273494,65.2830171,28.94573083
0,12.95716928,80.9527484,33.98805129
0,12.28881721,21.60434939,21.87732398
0,1.417775541,37.19953474,8.085571103
0,12.76997601,51.26335499,29.42343414
0,12.95716928,66.18473871,32.18286753
0,0.812271281,17.08739619,4.595191331
1,0.812271281,59.63370708,7.934739443
0,2.743799084,76.97036199,15.26093178
0,1.918881261,17.60662772,7.120926099
0,11.57992601,21.25052933,21.13319406
1,6.837452733,32.65396722,18.06211467
1,8.566979552,77.04161488,26.74189217
0,0.812271281,54.93065188,7.675594564
1,11.15375786,57.88722478,28.18223022
0,12.95716928,76.18623911,33.64878206
0,0.812271281,71.82626894,8.544581656
0,1.918881261,39.53109361,10.55789096
0,12.95716928,81.91047414,34.12701266
0,12.95716928,64.84984678,31.78204174
1,11.15375786,75.93661361,30.72894152
0,11.6839475,62.31847097,29.6836939
0,11.15375786,51.52071284,27.30354704
0,11.78701308,69.13575299,30.62142455
0,11.78701308,48.20402511,27.50572305
0,1.918881261,58.25140912,11.508493
0,12.67528347,76.0079417,33.1004868
0,0.812271281,16.44672115,4.511726487
0,10.71005189,32.19683414,23.2201827
0,11.36891302,36.29400539,24.9099257
0,11.78701308,74.61609451,31.24208341
1,12.67528347,84.10640672,34.06614002
0,0.812271281,28.82877595,5.842995833
1,0.812271281,57.1583204,7.800236167
0,1.918881261,16.96740771,6.50955394
0,11.78701308,60.0333789,29.40939832
0,5.033832265,29.09774918,14.62983432
0,11.99037249,17.40706019,20.33381649
0,10.12737771,74.29461244,29.21956073
0,7.347857226,43.3069748,20.90967615
0,10.00669167,76.68529887,29.09706828
0,1.417775541,36.59603947,7.848224912
1,8.566979552,65.03036171,25.33215134
0,0.812271281,55.04037125,7.681817065
0,6.837452733,17.72628719,14.63244138
0,8.846132431,27.59671276,19.73662619
0,7.980002464,17.20732196,15.6713289
1,7.670188277,66.5091237,23.87339586
0,11.15375786,48.35180073,26.77228366
1,1.417775541,55.44253063,9.943390083
0,11.47492333,67.22953917,30.12200433
0,11.99037249,54.52820165,28.82440184
0,5.48039866,17.3271855,13.30282776
0,1.417775541,17.3271855,5.713159978
0,12.76997601,79.67440049,33.52103204
0,6.659184132,36.36953196,18.34810674
0,7.011477857,39.75615702,19.44312464
0,3.098700364,17.52682106,9.26355432
0,2.354360082,16.68718803,7.627559482
0,1.918881261,75.9009476,12.63585529
0,7.011477857,71.96953997,24.25133319
0,7.510676277,43.56770389,20.63860206
0,3.732277839,17.08739619,10.43863616
0,7.510676277,65.10255675,23.98103766
0,1.417775541,61.8474855,10.01165683
0,12.48362455,88.09725856,34.24490902
0,12.86393267,72.11278876,32.6980807
0,11.6839475,62.1373556,29.85115608
0,9.379727268,76.61402018,28.00716516
0,6.659184132,16.72724072,14.04641138
0,0.812271281,16.80732471,4.558972086
0,10.48095561,17.20732196,18.94006491
1,8.278574712,40.46821326,21.57712484
0,12.1901866,86.08598185,33.56619313
0,10.24661915,62.24602975,27.86725389
0,10.93422401,62.93395774,28.81744268
0,12.48362455,20.93564981,21.97755355
1,12.48362455,43.8283125,27.77231594
0,2.743799084,59.015622,14.23428349
0,12.86393267,83.18608402,34.18910478
0,4.019769102,60.54175323,16.92769636
1,7.510676277,73.04336724,24.71487706
0,12.86393267,88.16776403,34.92272979
0,8.423987519,16.96740771,16.04067818
0,1.417775541,55.22319915,9.866637847
0,12.86393267,21.48645825,22.75542287
0,11.78701308,35.99177795,25.48822952
1,11.26186749,76.72093628,30.91668629
0,11.15375786,80.45580184,31.29227201
0,1.417775541,73.65132201,11.14172655
0,3.098700364,57.7779348,14.0954846
0,10.48095561,55.04037125,26.66588244
0,12.09071189,21.21118871,21.54823087
0,0.812271281,61.63001355,8.040338118
0,4.797235578,17.88573952,11.82769372
1,11.15375786,20.97502915,20.64727854
0,8.130622519,50.932319,23.0960964
0,8.130622519,16.76728627,16.48260435
0,2.354360082,61.5212552,12.86084519
0,9.508451863,80.84627996,29.01424015
0,4.019769102,59.23382687,16.41646708
0,5.896996055,70.78688413,21.55397635
0,11.99037249,35.34889429,25.42024582
0,7.826575027,70.35644652,24.67539463
0,12.76997601,69.27945066,32.38656563
0,10.24661915,79.74546162,30.06057691
0,7.011477857,69.56677636,23.30018855
0,10.36446345,32.84429432,22.41428927
0,12.57983865,80.34928213,33.50073982
1,11.78701308,80.88177066,32.49340393
0,12.48362455,79.46118735,33.32207082
0,5.261241353,54.71116206,18.31849239
0,11.47492333,58.10575668,28.38638364
0,11.26186749,77.25534271,30.97996493
0,0.812271281,17.24728336,4.615686601
0,0.812271281,40.0935683,6.737380092
0,7.011477857,74.40178516,23.43589554
0,5.033832265,76.86347299,20.62030624
0,10.36446345,79.53226335,30.45946705
0,9.249207563,17.12737839,17.04472589
1,9.249207563,58.57902376,25.74293701
1,1.417775541,45.05529735,9.310285788
1,0.812271281,39.60612569,6.702635672
0,5.48039866,53.94240714,19.38603616
0,7.510676277,54.27197697,22.49152973
0,8.846132431,16.80732471,17.04690873
0,1.918881261,17.08739619,7.897609093
0,10.71005189,79.24792952,30.35012072
0,9.760782001,72.61398511,28.37873495
0,4.291737357,43.86553252,15.76000338
0,11.88914699,72.11278876,31.63129739
0,12.57983865,83.89409472,33.64047522
0,4.291737357,75.82961165,19.14989738
0,12.28881721,69.27945066,31.4903275
0,12.95716928,62.57196373,31.67146007
0,11.26186749,61.81124431,28.82626341
0,0.812271281,17.28723787,4.620787904
0,3.426487989,49.68022221,14.28574423
0,1.417775541,58.54262918,9.786069588
0,4.019769102,58.50623284,16.88354045
0,7.670188277,21.68291654,17.45794804
1,3.426487989,78.00302762,16.82861145
0,12.1901866,53.72260713,29.09792885
0,12.76997601,38.96800151,27.14434293
1,1.417775541,72.32762035,10.82407906
1,12.48362455,80.2072387,33.49882129
0,10.12737771,68.95609816,28.3833248
0,7.181531261,21.13249097,15.61961148
0,2.354360082,16.6471282,8.662123
0,10.00669167,71.57549096,28.59751591
0,12.95716928,17.60662772,21.16737889
0,0.812271281,58.10575668,7.852198103
0,12.38662351,16.52690563,20.06130143
0,0.812271281,36.14291595,6.446645664
0,5.033832265,65.17474556,19.31483149
0,4.291737357,62.75298105,17.45966563
1,12.28881721,79.70993167,32.6884876
0,0.812271281,16.68718803,4.543309501
0,9.249207563,57.92365121,25.56429591
0,7.011477857,32.69203943,17.91862711
0,4.291737357,17.12737839,10.87910097
0,2.354360082,77.82505835,13.66270481
0,12.95716928,64.8137391,31.98395138
0,8.846132431,45.2781062,22.65763657
0,0.812271281,17.36712626,4.630963753
0,11.57992601,16.68718803,19.23021486
0,12.76997601,80.98823545,33.89410035
0,9.249207563,61.4849991,25.72378381
0,11.78701308,39.98112228,26.25308206
0,7.510676277,71.18127271,24.2764708
0,3.732277839,46.27970407,14.82345526
0,9.635448939,78.46559957,28.7769738
1,8.982489749,70.85860386,26.81487243
1,11.15375786,51.48395354,27.34191033
0,12.86393267,80.88177066,34.20915189
0,11.26186749,57.2312432,28.64143352
0,12.95716928,47.42762468,28.8781639
0,1.918881261,43.97717793,10.23623592
0,11.15375786,47.46461832,26.68514619
0,12.95716928,88.37925399,34.95576338
0,10.93422401,83.2214957,31.43072142
1,11.78701308,77.61145327,32.10780184
0,9.379727268,40.65543535,22.8166527
0,5.48039866,44.75808625,18.38246047
0,12.67528347,81.23661082,33.73103495
0,9.884510807,16.40661803,17.3729366
1,12.09071189,64.41645104,30.64125157
1,1.417775541,55.04037125,9.926168045
0,12.95716928,82.51303744,34.15388459
0,8.423987519,70.21292174,25.96242343
0,9.508451863,21.21118871,18.8244035
0,11.57992601,36.67151799,24.83883539
0,12.48362455,35.57589616,26.32202926
1,10.82273494,60.43284391,27.94746993
0,8.278574712,61.73875697,24.67641649
1,12.67528347,65.78809985,31.51528356
0,8.423987519,61.70251082,25.06321488
0,6.659184132,55.73486788,21.34805339
0,10.93422401,42.97157334,25.53316253
0,12.95716928,20.42320664,22.37588484
0,12.95716928,43.3069748,28.2201794
0,10.93422401,35.84059116,24.04952915
0,9.635448939,40.20599001,23.24636255
0,9.635448939,17.16735364,17.55215789
0,3.098700364,54.41840254,14.28684622
0,12.48362455,54.49160386,29.61091836
0,5.692092909,16.52690563,12.46571148
0,5.896996055,16.36650763,13.39934201
0,8.846132431,48.35180073,23.58439395
0,11.57992601,17.44698728,19.81555342
0,0.812271281,40.54311009,6.769159095
0,10.93422401,40.3183875,24.87866382
0,12.76997601,61.95619915,31.20659445
0,6.288664095,20.93564981,14.8077551
1,0.812271281,58.17858645,7.856167357
0,8.846132431,81.52039576,27.83888157
0,8.423987519,77.57584796,26.89449581
0,5.896996055,44.163205,18.31298416
0,12.48362455,40.58055451,27.11902706
0,4.019769102,16.6471282,10.13588981
0,8.278574712,61.8474855,24.97455914
0,2.354360082,69.9258035,13.70407339
1,11.57992601,69.35129078,30.44349584
0,11.78701308,61.5212552,29.87796718
0,11.57992601,79.92309284,32.17124696
0,0.812271281,16.68718803,4.543309501
0,7.670188277,16.96740771,15.59360106
1,12.38662351,88.13251185,34.38146379
0,5.48039866,67.84141953,20.06815877
1,10.36446345,76.64966017,30.00217711
0,9.635448939,63.18725711,26.55087541
0,11.6839475,35.87839245,25.19589751
0,10.71005189,55.22319915,27.35010502
0,5.896996055,35.99177795,17.48264229
0,3.098700364,39.53109361,12.75482004
1,10.82273494,24.49766414,21.06831808
0,10.00669167,77.00598907,29.13487135
0,10.59613826,66.07658288,28.94224099
0,1.417775541,73.50830917,10.51991314
0,11.6839475,54.30858623,28.54538721
1,10.71005189,55.22319915,27.1713102
0,11.6839475,17.52682106,20.27984177
0,6.095686027,57.99649873,20.74822015
0,4.291737357,58.65180765,17.44247141
0,5.261241353,36.10513601,16.36654591
0,8.846132431,18.20432702,16.86303876
0,3.732277839,35.23535139,13.42544925
0,6.095686027,17.08739619,13.4305299
0,11.78701308,72.43501748,31.55583359
0,0.812271281,72.61398511,8.581351042
0,3.098700364,16.68718803,9.481682288
0,6.288664095,59.27018827,20.69665389
0,11.04455392,50.67473126,27.2553121
1,12.95716928,83.3985365,34.45347753
0,11.78701308,84.28330139,32.77589202
0,0.812271281,43.90275009,6.999094441
0,5.033832265,42.7478601,16.95685871
0,2.743799084,54.93065188,13.09749473
0,0.812271281,77.6470573,8.80978541
0,5.033832265,74.47322696,20.50782313
0,9.116820699,69.88990726,26.95000222
0,12.1901866,57.55930661,29.81153989
0,2.743799084,53.46608554,13.48613039
0,11.88914699,72.57819434,31.38621448
0,0.812271281,54.60139153,7.656867942
0,0.812271281,16.12569119,4.469067815
0,7.510676277,16.56698702,15.36921073
0,0.812271281,54.38179902,7.644333896
0,7.181531261,16.84735605,14.9625516
0,5.896996055,43.60494105,18.40003307
0,7.510676277,24.76997124,17.44384845
0,0.812271281,54.71116206,7.663120039
1,9.508451863,77.93184372,28.52406387
0,10.93422401,78.78571693,30.84304733
0,0.812271281,63.91053548,8.158023687
0,0.812271281,17.28723787,4.620787904
0,6.659184132,28.86721238,17.33215152
0,12.48362455,80.66880821,33.02048361
0,10.00669167,44.83240329,24.4864084
0,12.76997601,47.87140152,28.62907438
0,1.918881261,61.70251082,12.33960466
0,11.36891302,47.46461832,27.17781318
0,5.033832265,65.57167293,19.42113449
0,11.57992601,71.89790724,30.95882821
0,9.760782001,72.47081376,28.72360895
1,0.812271281,21.05377114,5.06922779
0,10.24661915,76.36450395,29.56871659
0,12.09071189,40.65543535,26.6247228
0,4.550327176,48.2779173,16.7353409
0,5.48039866,47.35363069,17.97872328
0,12.95716928,51.07946663,29.77926186
0,7.980002464,21.09313382,16.91807233
0,0.812271281,39.38099649,6.686486537
0,3.098700364,43.79109005,13.54619568
0,0.812271281,36.63378023,6.483953719
0,12.09071189,70.42820035,31.48269819
0,1.417775541,66.47308702,10.51991314
0,6.095686027,21.09313382,14.39660972
0,9.884510807,28.0206984,21.26572626
0,5.48039866,37.08643709,16.77287322
0,4.291737357,73.18645082,18.37335519
0,11.26186749,17.44698728,19.74733048
0,10.59613826,77.04161488,30.34772101
0,3.098700364,44.12600444,13.14901207
0,12.76997601,17.3271855,21.06288933
1,1.417775541,58.50623284,10.27648236
1,12.09071189,29.63512862,24.12031486
0,7.347857226,51.88819421,21.97520829
1,6.095686027,17.3271855,13.72404682
1,7.826575027,80.73980057,26.07339235
1,11.04455392,74.29461244,30.58007335
0,8.846132431,78.28771255,27.55570116
0,0.812271281,20.54154776,5.011675625
0,12.76997601,87.7093995,34.5125037
0,1.417775541,62.1373556,10.18515827
0,7.510676277,57.19478271,23.00714754
0,8.707660582,50.82193665,23.32748936
0,6.288664095,17.44698728,14.06414598
0,5.48039866,59.34290587,19.50374509
0,11.99037249,43.7166378,27.10433665
1,9.760782001,79.99413669,28.99157903
0,4.019769102,58.36062988,16.84883913
0,7.181531261,41.02968049,20.23055187
1,12.57983865,34.09835925,25.99123857
0,8.278574712,43.41873064,21.84663383
0,0.812271281,44.83240329,7.060506768
0,6.659184132,80.9527484,23.96768846
0,12.09071189,73.75856743,32.00850894
1,1.417775541,62.06489796,10.34470582
0,11.88914699,48.68416821,27.82751173
0,0.812271281,53.97903371,7.621250574
0,6.095686027,16.76728627,14.20755437
0,3.098700364,16.24613253,8.935749148
0,8.566979552,76.61402018,26.86093268
0,5.692092909,17.24728336,13.19148636
0,11.36891302,75.68692404,31.33350194
0,7.011477857,16.88738032,14.78489542
0,4.019769102,57.74150124,16.85444766
1,5.261241353,76.75657239,20.67029598
0,5.48039866,58.54262918,19.37883777
0,2.743799084,17.08739619,8.619454899
0,11.88914699,81.02372129,32.39812914
0,12.76997601,88.34400842,34.7349814
0,5.48039866,76.40015301,21.52232886
0,3.732277839,16.80732471,9.636387217
0,3.732277839,16.6471282,10.4064122
0,2.354360082,24.26407534,9.073068284
0,8.707660582,43.90275009,22.74431085
0,12.57983865,70.03348359,32.29315499
0,10.12737771,40.9174347,24.01331211
1,4.019769102,69.53086571,17.64951911
0,6.837452733,46.90947828,20.12329732
0,1.417775541,17.28723787,6.241700382
0,12.76997601,57.1218563,30.67880596
0,4.291737357,57.55930661,16.77173882
0,12.95716928,65.35519036,31.83933863
0,10.59613826,60.79581577,27.98317841
1,11.15375786,56.50168867,28.11325263
0,12.86393267,81.41398547,33.6455777
0,6.837452733,16.44672115,14.22204702
0,10.71005189,17.48690757,19.17895015
0,9.884510807,17.04740702,17.65721225
0,10.12737771,20.73866922,19.71338457
1,12.1901866,79.10573274,32.64621811
0,7.011477857,20.10737724,16.24034085
0,12.57983865,21.64363565,22.8383321
0,0.812271281,55.58871418,7.712783402
0,1.417775541,54.8209155,9.751658264
0,7.510676277,47.20561586,21.27272311
0,11.26186749,43.56770389,26.02328736
0,5.261241353,17.08739619,12.80666584
0,12.86393267,64.09125527,31.58806761
0,12.1901866,63.15107633,31.17163905
0,3.426487989,55.51562614,14.6340051
0,11.47492333,58.10575668,28.68408601
0,5.033832265,72.39921982,19.93687078
0,1.918881261,24.69219248,8.490523022
1,12.95716928,83.50474687,34.42611117
0,9.508451863,74.00875946,28.17443743
0,5.261241353,52.4757455,18.66588614
0,1.417775541,36.02956702,8.434040514
1,12.38662351,84.35405113,33.8387513
0,9.249207563,80.17172477,28.40278485
0,0.812271281,21.25052933,5.091077873
0,6.837452733,44.0143882,19.82388316
0,0.812271281,17.12737839,4.600328731
0,2.743799084,62.31847097,14.06414598
0,7.980002464,54.27197697,23.0034879
0,0.812271281,54.89407498,7.673518214
0,1.918881261,17.36712626,7.382582422
0,12.86393267,16.80732471,20.35157212
0,4.019769102,40.24345853,14.97145456
0,9.884510807,77.61145327,29.37968916
0,10.48095561,64.74151904,28.11701493
0,7.510676277,67.04949193,23.83729427
0,4.019769102,17.16735364,11.86722383
0,0.812271281,62.82537659,8.102405069
0,10.24661915,16.56698702,18.54006156
0,1.417775541,49.12705187,9.311694338
1,0.812271281,59.67004947,7.936684227
0,12.1901866,47.64955309,28.02804431
1,4.797235578,70.39232415,19.31052798
1,3.098700364,73.5798183,15.80281487
0,11.6839475,17.3271855,20.18868685
0,3.426487989,72.36342078,16.30373296
1,12.95716928,65.21083763,32.03815101
1,5.692092909,61.33995803,19.95004578
0,7.347857226,44.31198306,20.83034033
0,8.707660582,49.56962648,24.04578896
0,0.812271281,58.25140912,7.860132683
0,4.291737357,78.10979396,19.17128628
0,7.181531261,17.12737839,15.44639108
0,4.291737357,55.18663734,16.64081472
0,12.67528347,42.89701227,27.94120618
0,11.47492333,17.64652093,19.44021378
0,10.71005189,79.03462687,30.63012914
0,7.826575027,40.76773668,20.74731821
0,5.692092909,40.28092436,17.2749446
0,7.347857226,61.5212552,22.80454662
1,1.918881261,58.32422472,11.88228624
0,11.88914699,74.1159644,31.3401234
0,1.417775541,17.12737839,6.154956241
0,10.82273494,16.56698702,18.77182971
0,12.86393267,60.46914871,31.18250375
0,6.47636832,17.08739619,14.14924031
0,3.098700364,16.92739754,9.856642351
0,3.098700364,17.20732196,9.459927054
0,7.980002464,53.09946026,22.43769839
0,8.982489749,15.88460761,16.73914116
0,7.826575027,24.73108418,17.47270608
0,3.426487989,66.94144551,15.87859101
0,12.09071189,20.38374815,21.73163234
0,10.48095561,19.87026066,19.72386439
0,10.59613826,17.40706019,18.19201882
1,7.670188277,63.29578977,23.55685312
0,12.95716928,71.10957839,32.88639421
0,0.812271281,54.34519358,7.642241003
0,12.95716928,42.89701227,27.89779119
0,10.36446345,32.34926675,22.42860211
0,0.812271281,43.64217575,6.981715786
0,8.982489749,80.02965677,28.11408881
0,9.884510807,24.38089095,19.9788072
1,7.670188277,65.03036171,24.15520324
0,4.019769102,61.91996291,16.99580064
0,9.249207563,79.2123822,28.32535183
1,8.846132431,75.93661361,27.39713023
0,0,57.41351863,4.610576329
0,11.6839475,76.64966017,31.89629133
0,7.670188277,17.3271855,15.4252221
1,1.417775541,35.61371898,8.259875557
0,3.426487989,19.83072064,10.64255181
0,8.982489749,55.47907932,24.75767477
0,9.635448939,72.54240219,28.12902468
0,5.033832265,24.26407534,13.57166447
0,6.288664095,17.72628719,14.80572645
0,11.78701308,30.86065709,24.08871263
0,10.48095561,73.40103529,29.56440522
1,1.918881261,70.21292174,12.66057512
0,12.67528347,71.21711775,32.52082819
0,9.884510807,35.76497939,22.90834747
0,4.550327176,29.5967692,14.11024358
0,10.12737771,40.35584796,23.87799803
0,12.95716928,83.54014798,34.25314667
1,1.417775541,61.66626302,10.63936319
0,4.797235578,17.28723787,11.63341424
0,12.48362455,85.37940345,33.78245067
0,9.116820699,72.54240219,27.18579381
0,9.379727268,33.49077769,22.05789149
0,9.635448939,58.36062988,26.30579693
0,7.347857226,38.85530812,20.31697252
0,3.732277839,59.45196928,16.40292421
0,12.86393267,55.77140165,30.61095375
0,2.743799084,74.15169669,15.12819132
0,8.130622519,61.73875697,24.50886079
0,9.508451863,69.17167959,27.24761036
0,11.15375786,17.44698728,18.9875896
0,12.95716928,81.09468931,34.00936628
0,7.826575027,76.86347299,25.55548683
0,6.095686027,66.29288077,21.66424637
0,1.417775541,36.59603947,8.274223128
0,11.6839475,80.98823545,32.22499166
0,6.837452733,40.99226786,20.02249788
0,0.812271281,16.96740771,4.57972427
1,12.95716928,21.56505775,22.92980991
1,5.261241353,58.10575668,19.31993886
0,10.71005189,76.18623911,30.33073756
0,10.48095561,54.74774844,26.13826367
0,10.59613826,75.43717017,30.03418827
0,7.826575027,66.18473871,24.09243598
1,12.57983865,73.68707184,32.58168889
0,5.033832265,77.14848457,20.40883942
0,4.550327176,68.88422601,18.72875752
0,1.918881261,57.96007586,11.69435145
1,11.47492333,77.04161488,31.4537719
0,1.918881261,58.61541659,11.3565811
0,12.95716928,21.60434939,22.66885547
0,12.76997601,65.21083763,31.81299746
0,10.59613826,61.73875697,28.14748342
1,12.48362455,81.62679521,33.46012431
0,10.24661915,17.08739619,18.1988594
1,12.1901866,55.11350806,29.29168832
0,9.116820699,16.6471282,17.57146352
1,1.417775541,55.51562614,10.24085255
1,5.033832265,36.63378023,15.39611877
0,12.95716928,87.35668394,34.97024131
0,12.57983865,57.1218563,30.14644933
0,5.48039866,16.76728627,13.25985287
0,7.181531261,16.68718803,14.83305886
0,7.181531261,69.13575299,23.99718861
0,7.670188277,40.43076083,20.85731385
0,4.797235578,40.35584796,15.97478095
0,12.86393267,67.48154223,32.33076408
0,12.48362455,17.68640742,20.85976171
0,12.09071189,83.18608402,33.05404011
0,0.812271281,17.3271855,4.625880276
0,2.354360082,44.57225188,11.87308645
1,9.508451863,61.66626302,26.65497842
0,4.797235578,73.75856743,19.13423005
0,10.93422401,61.66626302,28.38220302
0,4.291737357,20.22585665,11.66919097
0,12.57983865,77.57584796,33.41791374
0,11.15375786,76.68529887,30.96745004
0,2.354360082,45.01815428,11.8158622
0,10.93422401,29.1361584,23.00523077
1,0.812271281,65.86022983,8.256280891
0,12.76997601,61.81124431,31.10969717
0,9.884510807,28.94407354,21.08718313
0,10.93422401,16.76728627,18.9276438
0,4.797235578,40.056089,15.61155018
0,11.36891302,54.05228107,27.96454415
0,0,49.01636005,4.610576329
0,9.760782001,62.17358196,26.84399291
1,6.837452733,69.27945066,22.93507984
0,10.82273494,47.09458116,26.11554874
0,7.670188277,16.56698702,14.73174747
1,10.82273494,72.07697864,29.94569867
0,2.354360082,39.71865328,10.87910097
0,0.812271281,16.96740771,4.57972427
0,8.846132431,43.90275009,23.18333723
1,12.86393267,57.08539038,30.46710512
0,0.812271281,54.38179902,7.644333896
0,12.67528347,21.48645825,21.95074124
0,5.261241353,16.84735605,12.94702872
0,11.47492333,44.42354126,26.50463445
0,12.95716928,89.01348689,35.3434035
0,10.48095561,16.92739754,18.28538262
0,2.354360082,61.44874133,12.81302516
0,8.278574712,17.56672777,16.83760869
0,9.249207563,49.31149533,24.29167367
1,9.116820699,71.25296139,27.21413335
0,0.812271281,16.76728627,4.553760666
1,11.47492333,62.06489796,29.21095004
1,11.99037249,62.20980667,29.91121527
0,1.918881261,24.84773147,8.509183693
0,12.95716928,16.84735605,21.5233582
0,7.980002464,36.40729073,20.06938269
0,5.033832265,36.25623757,15.67488085
0,1.918881261,54.71116206,11.55579745
0,4.550327176,40.99226786,15.42107236
0,6.659184132,42.52405642,19.77402904
0,6.288664095,20.77807656,14.78896537
0,11.88914699,84.84916971,33.10144266
0,4.550327176,39.0806698,15.13686869
0,8.846132431,83.68174071,27.89437872
0,7.347857226,17.68640742,14.73123427
0,0.812271281,17.20732196,4.610576329
0,12.48362455,21.48645825,22.39771729
0,6.288664095,32.34926675,17.06833781
0,11.36891302,20.93564981,20.50573429
0,12.95716928,82.58390459,34.26356107
0,9.884510807,16.68718803,18.03643277
0,11.26186749,65.93235365,29.51493703
0,1.417775541,45.1667124,9.1758673
0,7.670188277,54.27197697,22.40852049
0,5.033832265,55.0769406,18.10314895
0,12.76997601,84.5309052,34.22648016
0,5.261241353,80.84627996,20.57462051
0,6.288664095,68.99203204,22.00331027
0,6.47636832,68.81234802,22.72312444
0,9.884510807,70.35644652,28.37710254
0,2.743799084,69.71040451,14.4617646
1,12.76997601,80.56231052,33.53007708
0,9.508451863,16.32638992,17.39965319
0,3.098700364,17.36712626,8.999660586
0,9.379727268,76.93473361,27.93547007
1,2.354360082,58.57902376,12.93805399
0,5.48039866,24.69219248,14.50181134
0,0.812271281,40.43076083,6.761240364
1,10.12737771,66.36496784,27.88520234
0,12.1901866,38.55466909,26.44583746
1,11.47492333,72.32762035,30.96427858
0,12.95716928,54.85749619,30.40364257
0,0.812271281,55.18663734,7.690098507
0,12.95716928,21.68291654,22.69774329
0,1.918881261,55.77140165,11.43445369
1,11.26186749,75.75827047,31.25161404
0,11.6839475,71.86208878,30.87865443
0,6.095686027,76.50709243,22.34762883
1,8.423987519,62.46333378,24.67364261
0,2.354360082,40.58055451,11.82516059
1,12.38662351,62.57196373,30.60994806
0,7.670188277,63.18725711,24.03924007
0,2.354360082,17.60662772,8.211082107
0,11.78701308,61.55750965,29.62945232
0,3.732277839,16.2862649,11.21813796
0,3.732277839,16.72724072,9.496579006
0,8.846132431,17.20732196,16.70410091
0,3.426487989,67.15752479,16.19692983
0,11.04455392,17.76616027,19.58316799
1,6.095686027,79.17683362,22.45715936
0,5.48039866,31.70104477,16.05285802
0,12.48362455,68.30903785,31.53491658
1,3.098700364,65.2830171,15.30943364
1,3.098700364,62.02866667,15.10402631
0,5.033832265,75.9009476,20.35440948
0,4.550327176,77.14848457,19.49796656
0,0.812271281,16.48681701,4.51701447
0,2.743799084,44.46072252,12.3296066
0,5.033832265,17.00741087,12.17425056
0,4.019769102,70.71515873,17.97039667
0,7.980002464,69.20760473,25.07583506
1,0.812271281,37.04873198,6.515217877
0,0.812271281,61.91996291,8.055471618
0,6.095686027,44.60942354,19.24731951
0,1.417775541,54.23536578,10.07537293
0,8.130622519,64.8137391,24.92487897
0,12.38662351,51.81471412,29.09812009
0,9.249207563,72.97181726,27.53399546
0,10.00669167,49.01636005,25.88401757
0,11.15375786,84.49553671,31.86615094
0,1.417775541,17.04740702,5.677171486
0,9.760782001,53.28279737,25.77538804
0,11.57992601,21.13249097,21.28500677
0,11.57992601,71.50382754,30.74444608
0,7.347857226,68.81234802,24.33290399
0,12.86393267,84.63700376,34.53334115
0,9.116820699,77.9674363,27.37644237
0,5.261241353,70.64342766,20.35109914
1,2.354360082,68.63262743,13.75839057
0,10.48095561,48.05621442,26.04099215
1,1.918881261,21.25052933,7.986922761
0,3.732277839,51.6677297,15.72044394
0,0.812271281,73.36527462,8.616155012
0,12.48362455,17.00741087,20.40179083
0,5.033832265,70.24880508,19.52917331
0,10.12737771,43.2697179,24.18474303
0,10.59613826,58.32422472,27.76119957
0,10.93422401,72.75713444,30.27230727
0,12.09071189,63.07870993,30.61019949
0,12.57983865,68.77640683,32.12140381
0,8.278574712,39.56861102,21.23683023
0,12.1901866,16.6070612,19.90196557
0,11.99037249,79.67440049,32.73792572
0,0.812271281,54.74774844,7.665201869
0,3.098700364,69.09982494,15.79889459
0,6.659184132,66.61722462,22.50350991
0,12.95716928,21.17184259,22.38652782
0,8.423987519,28.90564491,19.0731867
1,12.86393267,76.36450395,33.5114518
0,8.707660582,80.42029649,27.6924118
0,1.918881261,28.90564491,8.755802352
0,4.797235578,57.70506589,18.00619898
1,3.732277839,77.57584796,17.40242329
0,8.846132431,20.46265939,17.68157631
0,1.918881261,62.75298105,11.88896711
0,1.918881261,69.35129078,11.97178611
0,11.04455392,48.42567542,26.94825387
0,2.354360082,24.1861746,9.619306667
0,10.48095561,76.40015301,30.18814845
0,3.098700364,44.57225188,13.67246435
1,1.918881261,80.81078805,13.28593593
0,11.15375786,37.16183847,24.4997969
0,0.812271281,35.61371898,6.406021583
0,11.99037249,62.53575538,30.19501136
0,6.837452733,76.64966017,23.45184862
0,0.812271281,36.48279923,6.472516191
1,10.82273494,72.32762035,30.0633003
0,8.130622519,54.19875268,23.27906791
1,11.36891302,53.83251584,28.37751066
0,8.846132431,54.23536578,24.55213124
1,12.1901866,35.53807026,25.42646992
0,8.130622519,36.02956702,20.38320072
0,7.347857226,16.00518306,13.89148964
0,9.635448939,55.15007364,25.73821768
0,4.019769102,44.163205,14.62305091
0,0.812271281,42.8224412,6.926560467
0,12.76997601,86.96856814,34.40645805
0,11.47492333,17.12737839,19.27385313
0,4.019769102,66.22078759,17.47956009
0,12.67528347,82.83190224,33.91710825
1,9.884510807,78.75015335,29.16561174
0,12.95716928,75.08026689,33.05390305
0,10.00669167,16.68718803,17.67057244
0,12.95716928,65.17474556,31.92245288
0,8.566979552,79.2834756,26.95559497
0,11.15375786,69.02796446,29.99943925
0,7.670188277,16.80732471,15.21635092
0,11.15375786,62.1373556,28.96219592
0,1.918881261,58.21499867,11.5735382
0,11.04455392,57.96007586,28.00378698
0,0.812271281,54.49160386,7.650605907
0,5.48039866,16.08552926,12.74482265
0,11.36891302,57.7779348,28.53724495
0,2.743799084,50.85873283,13.05025945
0,10.48095561,44.49790137,25.15274843
0,7.347857226,17.08739619,14.84819304
0,1.918881261,58.72458452,11.49592601
0,11.57992601,76.0079417,31.41436393
0,4.291737357,45.20384602,15.15851142
0,0.812271281,54.67457378,7.661037108
0,12.86393267,79.56779949,33.75245625
0,12.28881721,84.28330139,33.59662762
0,2.743799084,62.35468913,13.90733664
0,7.826575027,29.36653276,18.55934922
0,12.48362455,54.89407498,29.54245614
0,8.846132431,68.88422601,26.6967351
0,12.95716928,44.3863576,28.10070224
0,11.88914699,40.69287178,26.30108351
1,12.57983865,17.04740702,20.78870748
0,0.812271281,25.31390749,5.51391362
0,1.918881261,16.32638992,6.901215071
0,12.76997601,75.40148578,33.07882391
0,10.48095561,36.82243923,23.51176029
0,12.57983865,77.36218931,32.95648487
0,10.36446345,79.24792952,29.75140634
0,8.423987519,29.75018415,19.60912217
0,2.743799084,39.71865328,11.77253895
0,10.59613826,16.96740771,18.91378779
0,10.48095561,81.87501848,30.43592738
1,5.033832265,63.69361919,19.4845547
0,5.48039866,16.88738032,12.9477185
0,4.797235578,36.44504649,15.34639173
1,12.48362455,50.96910899,28.84906686
0,4.019769102,66.76133794,17.33285064
0,5.033832265,16.84735605,12.00864418
0,9.249207563,68.81234802,26.91112013
1,9.760782001,73.43679461,28.20598982
0,7.181531261,58.90649605,22.23787629
1,7.670188277,77.50463352,25.4357988
0,4.019769102,78.46559957,18.17239537
0,10.59613826,44.86955824,25.50622696
1,11.88914699,72.47081376,31.68463935
0,10.71005189,34.93243262,23.83506322
1,7.347857226,69.09982494,23.79705424
1,6.837452733,58.17858645,22.02568863
0,0.812271281,17.44698728,4.641104165
0,2.354360082,58.14217245,12.30491864
1,6.095686027,76.43580078,22.5671968
1,11.36891302,85.09664426,32.46110435
1,11.04455392,72.32762035,30.00288355
0,10.82273494,75.79394171,30.13650296
0,7.181531261,50.82193665,21.48891185
0,11.99037249,56.4286931,28.91554642
0,7.181531261,39.94363486,19.95004578
0,12.76997601,62.75298105,31.2519316
0,0.812271281,20.38374815,4.993746227
1,5.692092909,31.85365817,16.6692684
0,3.732277839,51.63097853,15.63257859
0,12.95716928,58.14217245,30.63180236
0,7.011477857,64.56094144,23.25739025
0,8.278574712,21.01440292,17.46241293
0,9.116820699,32.76817365,21.35015398
0,8.130622519,72.39921982,25.57003099
1,8.846132431,82.54847161,27.77371816
0,7.011477857,54.60139153,21.86684202
0,6.47636832,59.34290587,21.61244522
0,8.982489749,72.04116714,26.96723698
0,3.732277839,73.50830917,17.38578674
0,12.86393267,77.00598907,33.42190815
1,10.71005189,68.05727447,29.07601141
0,9.884510807,20.58098339,18.74526325
0,11.47492333,69.13575299,30.24907741
0,9.635448939,52.4023296,25.36568648
0,7.670188277,59.41561654,23.46230299
0,5.033832265,62.60817045,18.85241141
0,1.918881261,29.1361584,8.976941845
0,12.48362455,17.48690757,20.54925911
0,1.918881261,40.0935683,9.632451166
0,12.1901866,80.45580184,32.98993722
0,7.510676277,29.36653276,18.91322171
0,9.249207563,73.11491176,27.69806139
0,7.011477857,16.48681701,14.99267293
0,9.508451863,79.81651782,28.4240394
1,12.95716928,49.9013565,29.66979405
1,1.918881261,58.65180765,12.16236016
0,7.011477857,62.97014821,22.8581891
1,0.812271281,58.21499867,7.85815051
0,2.354360082,47.90836851,12.40908999
0,11.99037249,65.82416561,30.48558555
0,9.508451863,71.89790724,27.83877436
0,9.635448939,68.88422601,27.59887125
1,8.707660582,66.00447134,25.75498748
0,0.812271281,40.1310449,6.740038991
0,10.82273494,17.56672777,18.90330867
0,0.812271281,55.44253063,7.704549397
0,9.379727268,17.16735364,17.71083964
0,4.797235578,16.40661803,11.88145055
0,4.797235578,47.46461832,17.02796853
0,12.95716928,80.13620962,33.98257369
1,12.09071189,79.10573274,32.54776363
0,10.00669167,65.71596371,27.55625149
0,6.095686027,73.07914019,21.97423091
0,4.019769102,35.80278681,14.11874224
0,5.033832265,57.41351863,18.38033688
0,12.57983865,50.63792473,28.99698329
1,3.098700364,35.95398584,12.26923498
0,1.417775541,17.08739619,6.120269761
1,11.26186749,47.61257059,26.85034854
1,0.812271281,59.16109887,7.909371498
0,9.249207563,54.60139153,25.08031834
0,12.48362455,78.71458853,33.11536268
0,6.288664095,61.30369359,21.22213233
0,4.797235578,48.09317039,17.14014494
0,12.95716928,17.96542584,20.89307081
0,7.181531261,65.71596371,23.11454088
0,12.95716928,78.89240012,33.74934265
0,4.550327176,24.61439514,13.43750865
1,2.354360082,58.17858645,12.90896227
0,12.38662351,80.6333102,33.05828832
